Watching graph/ for changes (debounce 3.0s). Ctrl+C to stop.
Running initial pass...
🔄 Semantica is reasoning: Starting semi-naive fixpoint evaluation 🤔 reasoning DatalogReasoner |░░░░░░░░░░░░░░░| 0.0% ETA: - Rate: - Time: 0.00s Extracted: -✅ Semantica is reasoning: Fixpoint reached in 7 iterations. 3605 new facts derived. 🤔 reasoning DatalogReasoner |███████████████| 100.0% ETA: - Rate: - Time: 0.71s Extracted: -  2885 inferred facts across 811 concepts, 0 files updated

[12:17:21] Change detected, re-running reasoning...
🔄 Semantica is reasoning: Starting semi-naive fixpoint evaluation 🤔 reasoning DatalogReasoner |░░░░░░░░░░░░░░░| 0.0% ETA: - Rate: - Time: 0.00s Extracted: -✅ Semantica is reasoning: Fixpoint reached in 7 iterations. 3605 new facts derived. 🤔 reasoning DatalogReasoner |███████████████| 100.0% ETA: - Rate: - Time: 0.69s Extracted: -  2885 inferred facts across 811 concepts, 0 files updated

[12:17:29] Change detected, re-running reasoning...
🔄 Semantica is reasoning: Starting semi-naive fixpoint evaluation 🤔 reasoning DatalogReasoner |░░░░░░░░░░░░░░░| 0.0% ETA: - Rate: - Time: 0.00s Extracted: -✅ Semantica is reasoning: Fixpoint reached in 7 iterations. 3605 new facts derived. 🤔 reasoning DatalogReasoner |███████████████| 100.0% ETA: - Rate: - Time: 0.71s Extracted: -  2885 inferred facts across 811 concepts, 0 files updated

[12:17:36] Change detected, re-running reasoning...
🔄 Semantica is reasoning: Starting semi-naive fixpoint evaluation 🤔 reasoning DatalogReasoner |░░░░░░░░░░░░░░░| 0.0% ETA: - Rate: - Time: 0.00s Extracted: -✅ Semantica is reasoning: Fixpoint reached in 7 iterations. 3605 new facts derived. 🤔 reasoning DatalogReasoner |███████████████| 100.0% ETA: - Rate: - Time: 0.71s Extracted: -  2884 inferred facts across 811 concepts, 1 files updated

[12:17:44] Change detected, re-running reasoning...
🔄 Semantica is reasoning: Starting semi-naive fixpoint evaluation 🤔 reasoning DatalogReasoner |░░░░░░░░░░░░░░░| 0.0% ETA: - Rate: - Time: 0.00s Extracted: -✅ Semantica is reasoning: Fixpoint reached in 7 iterations. 3605 new facts derived. 🤔 reasoning DatalogReasoner |███████████████| 100.0% ETA: - Rate: - Time: 0.71s Extracted: -  2884 inferred facts across 811 concepts, 1 files updated

[12:17:53] Change detected, re-running reasoning...
🔄 Semantica is reasoning: Starting semi-naive fixpoint evaluation 🤔 reasoning DatalogReasoner |░░░░░░░░░░░░░░░| 0.0% ETA: - Rate: - Time: 0.00s Extracted: -✅ Semantica is reasoning: Fixpoint reached in 7 iterations. 3604 new facts derived. 🤔 reasoning DatalogReasoner |███████████████| 100.0% ETA: - Rate: - Time: 0.69s Extracted: -  2883 inferred facts across 811 concepts, 0 files updated

[12:18:03] Change detected, re-running reasoning...
🔄 Semantica is reasoning: Starting semi-naive fixpoint evaluation 🤔 reasoning DatalogReasoner |░░░░░░░░░░░░░░░| 0.0% ETA: - Rate: - Time: 0.00s Extracted: -✅ Semantica is reasoning: Fixpoint reached in 7 iterations. 3604 new facts derived. 🤔 reasoning DatalogReasoner |███████████████| 100.0% ETA: - Rate: - Time: 0.70s Extracted: -  2883 inferred facts across 811 concepts, 0 files updated

[12:20:02] Change detected, re-running reasoning...
🔄 Semantica is reasoning: Starting semi-naive fixpoint evaluation 🤔 reasoning DatalogReasoner |░░░░░░░░░░░░░░░| 0.0% ETA: - Rate: - Time: 0.00s Extracted: -✅ Semantica is reasoning: Fixpoint reached in 7 iterations. 3604 new facts derived. 🤔 reasoning DatalogReasoner |███████████████| 100.0% ETA: - Rate: - Time: 0.71s Extracted: -  2919 inferred facts across 811 concepts, 79 files updated

[12:20:09] Change detected, re-running reasoning...
🔄 Semantica is reasoning: Starting semi-naive fixpoint evaluation 🤔 reasoning DatalogReasoner |░░░░░░░░░░░░░░░| 0.0% ETA: - Rate: - Time: 0.00s Extracted: -✅ Semantica is reasoning: Fixpoint reached in 7 iterations. 3604 new facts derived. 🤔 reasoning DatalogReasoner |███████████████| 100.0% ETA: - Rate: - Time: 0.69s Extracted: -  2883 inferred facts across 811 concepts, 1 files updated

[12:20:18] Change detected, re-running reasoning...
🔄 Semantica is reasoning: Starting semi-naive fixpoint evaluation 🤔 reasoning DatalogReasoner |░░░░░░░░░░░░░░░| 0.0% ETA: - Rate: - Time: 0.00s Extracted: -✅ Semantica is reasoning: Fixpoint reached in 7 iterations. 3604 new facts derived. 🤔 reasoning DatalogReasoner |███████████████| 100.0% ETA: - Rate: - Time: 0.70s Extracted: -  2883 inferred facts across 811 concepts, 0 files updated

[12:20:24] Change detected, re-running reasoning...
🔄 Semantica is reasoning: Starting semi-naive fixpoint evaluation 🤔 reasoning DatalogReasoner |░░░░░░░░░░░░░░░| 0.0% ETA: - Rate: - Time: 0.00s Extracted: -✅ Semantica is reasoning: Fixpoint reached in 7 iterations. 3604 new facts derived. 🤔 reasoning DatalogReasoner |███████████████| 100.0% ETA: - Rate: - Time: 0.71s Extracted: -  2883 inferred facts across 811 concepts, 0 files updated

[12:20:33] Change detected, re-running reasoning...
🔄 Semantica is reasoning: Starting semi-naive fixpoint evaluation 🤔 reasoning DatalogReasoner |░░░░░░░░░░░░░░░| 0.0% ETA: - Rate: - Time: 0.00s Extracted: -✅ Semantica is reasoning: Fixpoint reached in 7 iterations. 3604 new facts derived. 🤔 reasoning DatalogReasoner |███████████████| 100.0% ETA: - Rate: - Time: 0.73s Extracted: -  2883 inferred facts across 811 concepts, 0 files updated

[12:20:43] Change detected, re-running reasoning...
🔄 Semantica is reasoning: Starting semi-naive fixpoint evaluation 🤔 reasoning DatalogReasoner |░░░░░░░░░░░░░░░| 0.0% ETA: - Rate: - Time: 0.00s Extracted: -✅ Semantica is reasoning: Fixpoint reached in 7 iterations. 3604 new facts derived. 🤔 reasoning DatalogReasoner |███████████████| 100.0% ETA: - Rate: - Time: 0.70s Extracted: -  2883 inferred facts across 811 concepts, 0 files updated

[12:20:50] Change detected, re-running reasoning...
🔄 Semantica is reasoning: Starting semi-naive fixpoint evaluation 🤔 reasoning DatalogReasoner |░░░░░░░░░░░░░░░| 0.0% ETA: - Rate: - Time: 0.00s Extracted: -✅ Semantica is reasoning: Fixpoint reached in 7 iterations. 3604 new facts derived. 🤔 reasoning DatalogReasoner |███████████████| 100.0% ETA: - Rate: - Time: 0.70s Extracted: -Watching graph/ for changes (debounce 3.0s). Ctrl+C to stop.
Running initial pass...
🔄 Semantica is reasoning: Starting semi-naive fixpoint evaluation 🤔 reasoning DatalogReasoner |░░░░░░░░░░░░░░░| 0.0% ETA: - Rate: - Time: 0.00s Extracted: -✅ Semantica is reasoning: Fixpoint reached in 7 iterations. 3604 new facts derived. 🤔 reasoning DatalogReasoner |███████████████| 100.0% ETA: - Rate: - Time: 0.71s Extracted: -  2883 inferred facts across 811 concepts, 342 files updated

[12:23:25] Change detected, re-running reasoning...
🔄 Semantica is reasoning: Starting semi-naive fixpoint evaluation 🤔 reasoning DatalogReasoner |░░░░░░░░░░░░░░░| 0.0% ETA: - Rate: - Time: 0.00s Extracted: -✅ Semantica is reasoning: Fixpoint reached in 7 iterations. 3604 new facts derived. 🤔 reasoning DatalogReasoner |███████████████| 100.0% ETA: - Rate: - Time: 0.70s Extracted: -  2883 inferred facts across 811 concepts, 342 files updated

[12:23:32] Change detected, re-running reasoning...
🔄 Semantica is reasoning: Starting semi-naive fixpoint evaluation 🤔 reasoning DatalogReasoner |░░░░░░░░░░░░░░░| 0.0% ETA: - Rate: - Time: 0.00s Extracted: -✅ Semantica is reasoning: Fixpoint reached in 7 iterations. 3604 new facts derived. 🤔 reasoning DatalogReasoner |███████████████| 100.0% ETA: - Rate: - Time: 0.71s Extracted: -  2883 inferred facts across 811 concepts, 342 files updated

[12:23:39] Change detected, re-running reasoning...
🔄 Semantica is reasoning: Starting semi-naive fixpoint evaluation 🤔 reasoning DatalogReasoner |░░░░░░░░░░░░░░░| 0.0% ETA: - Rate: - Time: 0.00s Extracted: -✅ Semantica is reasoning: Fixpoint reached in 7 iterations. 3604 new facts derived. 🤔 reasoning DatalogReasoner |███████████████| 100.0% ETA: - Rate: - Time: 0.71s Extracted: -  2883 inferred facts across 811 concepts, 342 files updated

[12:23:46] Change detected, re-running reasoning...
🔄 Semantica is reasoning: Starting semi-naive fixpoint evaluation 🤔 reasoning DatalogReasoner |░░░░░░░░░░░░░░░| 0.0% ETA: - Rate: - Time: 0.00s Extracted: -✅ Semantica is reasoning: Fixpoint reached in 7 iterations. 3604 new facts derived. 🤔 reasoning DatalogReasoner |███████████████| 100.0% ETA: - Rate: - Time: 0.70s Extracted: -  2883 inferred facts across 811 concepts, 342 files updated

[12:23:53] Change detected, re-running reasoning...
🔄 Semantica is reasoning: Starting semi-naive fixpoint evaluation 🤔 reasoning DatalogReasoner |░░░░░░░░░░░░░░░| 0.0% ETA: - Rate: - Time: 0.00s Extracted: -✅ Semantica is reasoning: Fixpoint reached in 7 iterations. 3604 new facts derived. 🤔 reasoning DatalogReasoner |███████████████| 100.0% ETA: - Rate: - Time: 0.72s Extracted: -  2883 inferred facts across 811 concepts, 342 files updated

[12:24:01] Change detected, re-running reasoning...
🔄 Semantica is reasoning: Starting semi-naive fixpoint evaluation 🤔 reasoning DatalogReasoner |░░░░░░░░░░░░░░░| 0.0% ETA: - Rate: - Time: 0.00s Extracted: -✅ Semantica is reasoning: Fixpoint reached in 7 iterations. 3604 new facts derived. 🤔 reasoning DatalogReasoner |███████████████| 100.0% ETA: - Rate: - Time: 0.71s Extracted: -  2883 inferred facts across 811 concepts, 342 files updated

[12:24:08] Change detected, re-running reasoning...
🔄 Semantica is reasoning: Starting semi-naive fixpoint evaluation 🤔 reasoning DatalogReasoner |░░░░░░░░░░░░░░░| 0.0% ETA: - Rate: - Time: 0.00s Extracted: -✅ Semantica is reasoning: Fixpoint reached in 7 iterations. 3604 new facts derived. 🤔 reasoning DatalogReasoner |███████████████| 100.0% ETA: - Rate: - Time: 0.72s Extracted: -  2883 inferred facts across 811 concepts, 342 files updated

[12:24:16] Change detected, re-running reasoning...
🔄 Semantica is reasoning: Starting semi-naive fixpoint evaluation 🤔 reasoning DatalogReasoner |░░░░░░░░░░░░░░░| 0.0% ETA: - Rate: - Time: 0.00s Extracted: -✅ Semantica is reasoning: Fixpoint reached in 7 iterations. 3604 new facts derived. 🤔 reasoning DatalogReasoner |███████████████| 100.0% ETA: - Rate: - Time: 0.71s Extracted: -  2883 inferred facts across 811 concepts, 342 files updated

[12:24:22] Change detected, re-running reasoning...
🔄 Semantica is reasoning: Starting semi-naive fixpoint evaluation 🤔 reasoning DatalogReasoner |░░░░░░░░░░░░░░░| 0.0% ETA: - Rate: - Time: 0.00s Extracted: -✅ Semantica is reasoning: Fixpoint reached in 7 iterations. 3604 new facts derived. 🤔 reasoning DatalogReasoner |███████████████| 100.0% ETA: - Rate: - Time: 0.71s Extracted: -  2883 inferred facts across 811 concepts, 342 files updated

[12:24:28] Change detected, re-running reasoning...
🔄 Semantica is reasoning: Starting semi-naive fixpoint evaluation 🤔 reasoning DatalogReasoner |░░░░░░░░░░░░░░░| 0.0% ETA: - Rate: - Time: 0.00s Extracted: -✅ Semantica is reasoning: Fixpoint reached in 7 iterations. 3604 new facts derived. 🤔 reasoning DatalogReasoner |███████████████| 100.0% ETA: - Rate: - Time: 0.73s Extracted: -  2883 inferred facts across 811 concepts, 342 files updated

[12:24:35] Change detected, re-running reasoning...
🔄 Semantica is reasoning: Starting semi-naive fixpoint evaluation 🤔 reasoning DatalogReasoner |░░░░░░░░░░░░░░░| 0.0% ETA: - Rate: - Time: 0.00s Extracted: -✅ Semantica is reasoning: Fixpoint reached in 7 iterations. 3604 new facts derived. 🤔 reasoning DatalogReasoner |███████████████| 100.0% ETA: - Rate: - Time: 0.73s Extracted: -  2883 inferred facts across 811 concepts, 342 files updated

[12:24:42] Change detected, re-running reasoning...
🔄 Semantica is reasoning: Starting semi-naive fixpoint evaluation 🤔 reasoning DatalogReasoner |░░░░░░░░░░░░░░░| 0.0% ETA: - Rate: - Time: 0.00s Extracted: -✅ Semantica is reasoning: Fixpoint reached in 7 iterations. 3604 new facts derived. 🤔 reasoning DatalogReasoner |███████████████| 100.0% ETA: - Rate: - Time: 0.74s Extracted: -  2883 inferred facts across 811 concepts, 342 files updated

[12:24:50] Change detected, re-running reasoning...
🔄 Semantica is reasoning: Starting semi-naive fixpoint evaluation 🤔 reasoning DatalogReasoner |░░░░░░░░░░░░░░░| 0.0% ETA: - Rate: - Time: 0.00s Extracted: -✅ Semantica is reasoning: Fixpoint reached in 7 iterations. 3604 new facts derived. 🤔 reasoning DatalogReasoner |███████████████| 100.0% ETA: - Rate: - Time: 0.72s Extracted: -  2883 inferred facts across 811 concepts, 342 files updated

[12:24:57] Change detected, re-running reasoning...
🔄 Semantica is reasoning: Starting semi-naive fixpoint evaluation 🤔 reasoning DatalogReasoner |░░░░░░░░░░░░░░░| 0.0% ETA: - Rate: - Time: 0.00s Extracted: -✅ Semantica is reasoning: Fixpoint reached in 7 iterations. 3604 new facts derived. 🤔 reasoning DatalogReasoner |███████████████| 100.0% ETA: - Rate: - Time: 0.73s Extracted: -  2883 inferred facts across 811 concepts, 342 files updated

[12:25:04] Change detected, re-running reasoning...
🔄 Semantica is reasoning: Starting semi-naive fixpoint evaluation 🤔 reasoning DatalogReasoner |░░░░░░░░░░░░░░░| 0.0% ETA: - Rate: - Time: 0.00s Extracted: -✅ Semantica is reasoning: Fixpoint reached in 7 iterations. 3604 new facts derived. 🤔 reasoning DatalogReasoner |███████████████| 100.0% ETA: - Rate: - Time: 0.72s Extracted: -  2883 inferred facts across 811 concepts, 342 files updated

[12:25:11] Change detected, re-running reasoning...
🔄 Semantica is reasoning: Starting semi-naive fixpoint evaluation 🤔 reasoning DatalogReasoner |░░░░░░░░░░░░░░░| 0.0% ETA: - Rate: - Time: 0.00s Extracted: -✅ Semantica is reasoning: Fixpoint reached in 7 iterations. 3604 new facts derived. 🤔 reasoning DatalogReasoner |███████████████| 100.0% ETA: - Rate: - Time: 0.73s Extracted: -  2883 inferred facts across 811 concepts, 342 files updated

[12:25:20] Change detected, re-running reasoning...
🔄 Semantica is reasoning: Starting semi-naive fixpoint evaluation 🤔 reasoning DatalogReasoner |░░░░░░░░░░░░░░░| 0.0% ETA: - Rate: - Time: 0.00s Extracted: -✅ Semantica is reasoning: Fixpoint reached in 7 iterations. 3604 new facts derived. 🤔 reasoning DatalogReasoner |███████████████| 100.0% ETA: - Rate: - Time: 0.73s Extracted: -  2883 inferred facts across 811 concepts, 342 files updated

[12:25:26] Change detected, re-running reasoning...
🔄 Semantica is reasoning: Starting semi-naive fixpoint evaluation 🤔 reasoning DatalogReasoner |░░░░░░░░░░░░░░░| 0.0% ETA: - Rate: - Time: 0.00s Extracted: -✅ Semantica is reasoning: Fixpoint reached in 7 iterations. 3604 new facts derived. 🤔 reasoning DatalogReasoner |███████████████| 100.0% ETA: - Rate: - Time: 0.72s Extracted: -  2883 inferred facts across 811 concepts, 342 files updated

[12:25:33] Change detected, re-running reasoning...
🔄 Semantica is reasoning: Starting semi-naive fixpoint evaluation 🤔 reasoning DatalogReasoner |░░░░░░░░░░░░░░░| 0.0% ETA: - Rate: - Time: 0.00s Extracted: -✅ Semantica is reasoning: Fixpoint reached in 8 iterations. 3631 new facts derived. 🤔 reasoning DatalogReasoner |███████████████| 100.0% ETA: - Rate: - Time: 0.79s Extracted: -  2903 inferred facts across 812 concepts, 341 files updated

[12:25:40] Change detected, re-running reasoning...
🔄 Semantica is reasoning: Starting semi-naive fixpoint evaluation 🤔 reasoning DatalogReasoner |░░░░░░░░░░░░░░░| 0.0% ETA: - Rate: - Time: 0.00s Extracted: -✅ Semantica is reasoning: Fixpoint reached in 8 iterations. 3631 new facts derived. 🤔 reasoning DatalogReasoner |███████████████| 100.0% ETA: - Rate: - Time: 0.72s Extracted: -  2903 inferred facts across 812 concepts, 341 files updated

[12:25:50] Change detected, re-running reasoning...
🔄 Semantica is reasoning: Starting semi-naive fixpoint evaluation 🤔 reasoning DatalogReasoner |░░░░░░░░░░░░░░░| 0.0% ETA: - Rate: - Time: 0.00s Extracted: -✅ Semantica is reasoning: Fixpoint reached in 8 iterations. 3631 new facts derived. 🤔 reasoning DatalogReasoner |███████████████| 100.0% ETA: - Rate: - Time: 0.71s Extracted: -  2903 inferred facts across 812 concepts, 341 files updated

[12:25:57] Change detected, re-running reasoning...
🔄 Semantica is reasoning: Starting semi-naive fixpoint evaluation 🤔 reasoning DatalogReasoner |░░░░░░░░░░░░░░░| 0.0% ETA: - Rate: - Time: 0.00s Extracted: -✅ Semantica is reasoning: Fixpoint reached in 8 iterations. 3631 new facts derived. 🤔 reasoning DatalogReasoner |███████████████| 100.0% ETA: - Rate: - Time: 0.73s Extracted: -  2903 inferred facts across 812 concepts, 341 files updated

[12:26:04] Change detected, re-running reasoning...
🔄 Semantica is reasoning: Starting semi-naive fixpoint evaluation 🤔 reasoning DatalogReasoner |░░░░░░░░░░░░░░░| 0.0% ETA: - Rate: - Time: 0.00s Extracted: -✅ Semantica is reasoning: Fixpoint reached in 8 iterations. 3631 new facts derived. 🤔 reasoning DatalogReasoner |███████████████| 100.0% ETA: - Rate: - Time: 0.72s Extracted: -  2903 inferred facts across 812 concepts, 341 files updated

[12:26:11] Change detected, re-running reasoning...
🔄 Semantica is reasoning: Starting semi-naive fixpoint evaluation 🤔 reasoning DatalogReasoner |░░░░░░░░░░░░░░░| 0.0% ETA: - Rate: - Time: 0.00s Extracted: -✅ Semantica is reasoning: Fixpoint reached in 8 iterations. 3631 new facts derived. 🤔 reasoning DatalogReasoner |███████████████| 100.0% ETA: - Rate: - Time: 0.73s Extracted: -  2903 inferred facts across 812 concepts, 341 files updated

[12:26:17] Change detected, re-running reasoning...
🔄 Semantica is reasoning: Starting semi-naive fixpoint evaluation 🤔 reasoning DatalogReasoner |░░░░░░░░░░░░░░░| 0.0% ETA: - Rate: - Time: 0.00s Extracted: -✅ Semantica is reasoning: Fixpoint reached in 8 iterations. 3631 new facts derived. 🤔 reasoning DatalogReasoner |███████████████| 100.0% ETA: - Rate: - Time: 0.76s Extracted: -  2903 inferred facts across 812 concepts, 341 files updated

[12:26:25] Change detected, re-running reasoning...
🔄 Semantica is reasoning: Starting semi-naive fixpoint evaluation 🤔 reasoning DatalogReasoner |░░░░░░░░░░░░░░░| 0.0% ETA: - Rate: - Time: 0.00s Extracted: -✅ Semantica is reasoning: Fixpoint reached in 8 iterations. 3631 new facts derived. 🤔 reasoning DatalogReasoner |███████████████| 100.0% ETA: - Rate: - Time: 0.72s Extracted: -  2903 inferred facts across 812 concepts, 341 files updated

[12:26:31] Change detected, re-running reasoning...
🔄 Semantica is reasoning: Starting semi-naive fixpoint evaluation 🤔 reasoning DatalogReasoner |░░░░░░░░░░░░░░░| 0.0% ETA: - Rate: - Time: 0.00s Extracted: -✅ Semantica is reasoning: Fixpoint reached in 8 iterations. 3631 new facts derived. 🤔 reasoning DatalogReasoner |███████████████| 100.0% ETA: - Rate: - Time: 0.72s Extracted: -  2903 inferred facts across 812 concepts, 341 files updated

[12:26:39] Change detected, re-running reasoning...
🔄 Semantica is reasoning: Starting semi-naive fixpoint evaluation 🤔 reasoning DatalogReasoner |░░░░░░░░░░░░░░░| 0.0% ETA: - Rate: - Time: 0.00s Extracted: -✅ Semantica is reasoning: Fixpoint reached in 6 iterations. 3276 new facts derived. 🤔 reasoning DatalogReasoner |███████████████| 100.0% ETA: - Rate: - Time: 0.65s Extracted: -  2652 inferred facts across 767 concepts, 305 files updated

[12:26:46] Change detected, re-running reasoning...
🔄 Semantica is reasoning: Starting semi-naive fixpoint evaluation 🤔 reasoning DatalogReasoner |░░░░░░░░░░░░░░░| 0.0% ETA: - Rate: - Time: 0.00s Extracted: -✅ Semantica is reasoning: Fixpoint reached in 6 iterations. 3276 new facts derived. 🤔 reasoning DatalogReasoner |███████████████| 100.0% ETA: - Rate: - Time: 0.62s Extracted: -  2652 inferred facts across 767 concepts, 305 files updated

[12:26:53] Change detected, re-running reasoning...
🔄 Semantica is reasoning: Starting semi-naive fixpoint evaluation 🤔 reasoning DatalogReasoner |░░░░░░░░░░░░░░░| 0.0% ETA: - Rate: - Time: 0.00s Extracted: -✅ Semantica is reasoning: Fixpoint reached in 6 iterations. 3276 new facts derived. 🤔 reasoning DatalogReasoner |███████████████| 100.0% ETA: - Rate: - Time: 0.60s Extracted: -  2652 inferred facts across 767 concepts, 305 files updated

[12:27:00] Change detected, re-running reasoning...
🔄 Semantica is reasoning: Starting semi-naive fixpoint evaluation 🤔 reasoning DatalogReasoner |░░░░░░░░░░░░░░░| 0.0% ETA: - Rate: - Time: 0.00s Extracted: -✅ Semantica is reasoning: Fixpoint reached in 6 iterations. 3276 new facts derived. 🤔 reasoning DatalogReasoner |███████████████| 100.0% ETA: - Rate: - Time: 0.61s Extracted: -  2652 inferred facts across 767 concepts, 305 files updated

[12:27:08] Change detected, re-running reasoning...
🔄 Semantica is reasoning: Starting semi-naive fixpoint evaluation 🤔 reasoning DatalogReasoner |░░░░░░░░░░░░░░░| 0.0% ETA: - Rate: - Time: 0.00s Extracted: -✅ Semantica is reasoning: Fixpoint reached in 6 iterations. 3276 new facts derived. 🤔 reasoning DatalogReasoner |███████████████| 100.0% ETA: - Rate: - Time: 0.61s Extracted: -  2652 inferred facts across 767 concepts, 305 files updated

[12:27:14] Change detected, re-running reasoning...
🔄 Semantica is reasoning: Starting semi-naive fixpoint evaluation 🤔 reasoning DatalogReasoner |░░░░░░░░░░░░░░░| 0.0% ETA: - Rate: - Time: 0.00s Extracted: -✅ Semantica is reasoning: Fixpoint reached in 6 iterations. 3276 new facts derived. 🤔 reasoning DatalogReasoner |███████████████| 100.0% ETA: - Rate: - Time: 0.61s Extracted: -  2652 inferred facts across 767 concepts, 305 files updated

[12:27:21] Change detected, re-running reasoning...
🔄 Semantica is reasoning: Starting semi-naive fixpoint evaluation 🤔 reasoning DatalogReasoner |░░░░░░░░░░░░░░░| 0.0% ETA: - Rate: - Time: 0.00s Extracted: -✅ Semantica is reasoning: Fixpoint reached in 6 iterations. 3276 new facts derived. 🤔 reasoning DatalogReasoner |███████████████| 100.0% ETA: - Rate: - Time: 0.61s Extracted: -  2652 inferred facts across 767 concepts, 305 files updated

[12:27:29] Change detected, re-running reasoning...
🔄 Semantica is reasoning: Starting semi-naive fixpoint evaluation 🤔 reasoning DatalogReasoner |░░░░░░░░░░░░░░░| 0.0% ETA: - Rate: - Time: 0.00s Extracted: -✅ Semantica is reasoning: Fixpoint reached in 6 iterations. 3276 new facts derived. 🤔 reasoning DatalogReasoner |███████████████| 100.0% ETA: - Rate: - Time: 0.62s Extracted: -  2652 inferred facts across 767 concepts, 305 files updated

[12:27:36] Change detected, re-running reasoning...
🔄 Semantica is reasoning: Starting semi-naive fixpoint evaluation 🤔 reasoning DatalogReasoner |░░░░░░░░░░░░░░░| 0.0% ETA: - Rate: - Time: 0.00s Extracted: -✅ Semantica is reasoning: Fixpoint reached in 6 iterations. 3276 new facts derived. 🤔 reasoning DatalogReasoner |███████████████| 100.0% ETA: - Rate: - Time: 0.60s Extracted: -  2652 inferred facts across 767 concepts, 305 files updated

[12:27:42] Change detected, re-running reasoning...
🔄 Semantica is reasoning: Starting semi-naive fixpoint evaluation 🤔 reasoning DatalogReasoner |░░░░░░░░░░░░░░░| 0.0% ETA: - Rate: - Time: 0.00s Extracted: -✅ Semantica is reasoning: Fixpoint reached in 6 iterations. 3276 new facts derived. 🤔 reasoning DatalogReasoner |███████████████| 100.0% ETA: - Rate: - Time: 0.62s Extracted: -  2652 inferred facts across 767 concepts, 305 files updated

[12:27:49] Change detected, re-running reasoning...
🔄 Semantica is reasoning: Starting semi-naive fixpoint evaluation 🤔 reasoning DatalogReasoner |░░░░░░░░░░░░░░░| 0.0% ETA: - Rate: - Time: 0.00s Extracted: -✅ Semantica is reasoning: Fixpoint reached in 6 iterations. 3276 new facts derived. 🤔 reasoning DatalogReasoner |███████████████| 100.0% ETA: - Rate: - Time: 0.64s Extracted: -  2652 inferred facts across 767 concepts, 305 files updated

[12:27:56] Change detected, re-running reasoning...
🔄 Semantica is reasoning: Starting semi-naive fixpoint evaluation 🤔 reasoning DatalogReasoner |░░░░░░░░░░░░░░░| 0.0% ETA: - Rate: - Time: 0.00s Extracted: -✅ Semantica is reasoning: Fixpoint reached in 6 iterations. 3276 new facts derived. 🤔 reasoning DatalogReasoner |███████████████| 100.0% ETA: - Rate: - Time: 0.61s Extracted: -  2652 inferred facts across 767 concepts, 305 files updated

[12:28:02] Change detected, re-running reasoning...
🔄 Semantica is reasoning: Starting semi-naive fixpoint evaluation 🤔 reasoning DatalogReasoner |░░░░░░░░░░░░░░░| 0.0% ETA: - Rate: - Time: 0.00s Extracted: -✅ Semantica is reasoning: Fixpoint reached in 6 iterations. 3276 new facts derived. 🤔 reasoning DatalogReasoner |███████████████| 100.0% ETA: - Rate: - Time: 0.61s Extracted: -  2652 inferred facts across 767 concepts, 305 files updated

[12:28:09] Change detected, re-running reasoning...
🔄 Semantica is reasoning: Starting semi-naive fixpoint evaluation 🤔 reasoning DatalogReasoner |░░░░░░░░░░░░░░░| 0.0% ETA: - Rate: - Time: 0.00s Extracted: -✅ Semantica is reasoning: Fixpoint reached in 6 iterations. 3276 new facts derived. 🤔 reasoning DatalogReasoner |███████████████| 100.0% ETA: - Rate: - Time: 0.61s Extracted: -  2652 inferred facts across 767 concepts, 305 files updated

[12:28:16] Change detected, re-running reasoning...
🔄 Semantica is reasoning: Starting semi-naive fixpoint evaluation 🤔 reasoning DatalogReasoner |░░░░░░░░░░░░░░░| 0.0% ETA: - Rate: - Time: 0.00s Extracted: -✅ Semantica is reasoning: Fixpoint reached in 6 iterations. 3276 new facts derived. 🤔 reasoning DatalogReasoner |███████████████| 100.0% ETA: - Rate: - Time: 0.60s Extracted: -  2652 inferred facts across 767 concepts, 305 files updated

[12:28:23] Change detected, re-running reasoning...
🔄 Semantica is reasoning: Starting semi-naive fixpoint evaluation 🤔 reasoning DatalogReasoner |░░░░░░░░░░░░░░░| 0.0% ETA: - Rate: - Time: 0.00s Extracted: -✅ Semantica is reasoning: Fixpoint reached in 6 iterations. 3276 new facts derived. 🤔 reasoning DatalogReasoner |███████████████| 100.0% ETA: - Rate: - Time: 0.61s Extracted: -  2652 inferred facts across 767 concepts, 305 files updated

[12:28:30] Change detected, re-running reasoning...
🔄 Semantica is reasoning: Starting semi-naive fixpoint evaluation 🤔 reasoning DatalogReasoner |░░░░░░░░░░░░░░░| 0.0% ETA: - Rate: - Time: 0.00s Extracted: -✅ Semantica is reasoning: Fixpoint reached in 6 iterations. 3276 new facts derived. 🤔 reasoning DatalogReasoner |███████████████| 100.0% ETA: - Rate: - Time: 0.61s Extracted: -  2652 inferred facts across 767 concepts, 305 files updated

[12:28:39] Change detected, re-running reasoning...
🔄 Semantica is reasoning: Starting semi-naive fixpoint evaluation 🤔 reasoning DatalogReasoner |░░░░░░░░░░░░░░░| 0.0% ETA: - Rate: - Time: 0.00s Extracted: -✅ Semantica is reasoning: Fixpoint reached in 6 iterations. 3276 new facts derived. 🤔 reasoning DatalogReasoner |███████████████| 100.0% ETA: - Rate: - Time: 0.60s Extracted: -  2652 inferred facts across 767 concepts, 305 files updated

[12:28:46] Change detected, re-running reasoning...
🔄 Semantica is reasoning: Starting semi-naive fixpoint evaluation 🤔 reasoning DatalogReasoner |░░░░░░░░░░░░░░░| 0.0% ETA: - Rate: - Time: 0.00s Extracted: -✅ Semantica is reasoning: Fixpoint reached in 6 iterations. 3276 new facts derived. 🤔 reasoning DatalogReasoner |███████████████| 100.0% ETA: - Rate: - Time: 0.60s Extracted: -  2652 inferred facts across 767 concepts, 305 files updated

[12:28:53] Change detected, re-running reasoning...
🔄 Semantica is reasoning: Starting semi-naive fixpoint evaluation 🤔 reasoning DatalogReasoner |░░░░░░░░░░░░░░░| 0.0% ETA: - Rate: - Time: 0.00s Extracted: -✅ Semantica is reasoning: Fixpoint reached in 6 iterations. 3276 new facts derived. 🤔 reasoning DatalogReasoner |███████████████| 100.0% ETA: - Rate: - Time: 0.61s Extracted: -  2652 inferred facts across 767 concepts, 305 files updated

[12:29:01] Change detected, re-running reasoning...
🔄 Semantica is reasoning: Starting semi-naive fixpoint evaluation 🤔 reasoning DatalogReasoner |░░░░░░░░░░░░░░░| 0.0% ETA: - Rate: - Time: 0.00s Extracted: -✅ Semantica is reasoning: Fixpoint reached in 6 iterations. 3276 new facts derived. 🤔 reasoning DatalogReasoner |███████████████| 100.0% ETA: - Rate: - Time: 0.59s Extracted: -  2652 inferred facts across 767 concepts, 305 files updated

[12:29:07] Change detected, re-running reasoning...
🔄 Semantica is reasoning: Starting semi-naive fixpoint evaluation 🤔 reasoning DatalogReasoner |░░░░░░░░░░░░░░░| 0.0% ETA: - Rate: - Time: 0.00s Extracted: -✅ Semantica is reasoning: Fixpoint reached in 6 iterations. 3276 new facts derived. 🤔 reasoning DatalogReasoner |███████████████| 100.0% ETA: - Rate: - Time: 0.60s Extracted: -  2652 inferred facts across 767 concepts, 305 files updated

[12:29:16] Change detected, re-running reasoning...
🔄 Semantica is reasoning: Starting semi-naive fixpoint evaluation 🤔 reasoning DatalogReasoner |░░░░░░░░░░░░░░░| 0.0% ETA: - Rate: - Time: 0.00s Extracted: -✅ Semantica is reasoning: Fixpoint reached in 6 iterations. 3276 new facts derived. 🤔 reasoning DatalogReasoner |███████████████| 100.0% ETA: - Rate: - Time: 0.61s Extracted: -  2652 inferred facts across 767 concepts, 305 files updated

[12:29:22] Change detected, re-running reasoning...
🔄 Semantica is reasoning: Starting semi-naive fixpoint evaluation 🤔 reasoning DatalogReasoner |░░░░░░░░░░░░░░░| 0.0% ETA: - Rate: - Time: 0.00s Extracted: -✅ Semantica is reasoning: Fixpoint reached in 6 iterations. 3276 new facts derived. 🤔 reasoning DatalogReasoner |███████████████| 100.0% ETA: - Rate: - Time: 0.60s Extracted: -  2652 inferred facts across 767 concepts, 305 files updated

[12:29:28] Change detected, re-running reasoning...
🔄 Semantica is reasoning: Starting semi-naive fixpoint evaluation 🤔 reasoning DatalogReasoner |░░░░░░░░░░░░░░░| 0.0% ETA: - Rate: - Time: 0.00s Extracted: -✅ Semantica is reasoning: Fixpoint reached in 6 iterations. 3276 new facts derived. 🤔 reasoning DatalogReasoner |███████████████| 100.0% ETA: - Rate: - Time: 0.61s Extracted: -  2652 inferred facts across 767 concepts, 305 files updated

[12:29:36] Change detected, re-running reasoning...
🔄 Semantica is reasoning: Starting semi-naive fixpoint evaluation 🤔 reasoning DatalogReasoner |░░░░░░░░░░░░░░░| 0.0% ETA: - Rate: - Time: 0.00s Extracted: -✅ Semantica is reasoning: Fixpoint reached in 6 iterations. 3276 new facts derived. 🤔 reasoning DatalogReasoner |███████████████| 100.0% ETA: - Rate: - Time: 0.61s Extracted: -  2652 inferred facts across 767 concepts, 305 files updated

[12:29:43] Change detected, re-running reasoning...
🔄 Semantica is reasoning: Starting semi-naive fixpoint evaluation 🤔 reasoning DatalogReasoner |░░░░░░░░░░░░░░░| 0.0% ETA: - Rate: - Time: 0.00s Extracted: -✅ Semantica is reasoning: Fixpoint reached in 6 iterations. 3276 new facts derived. 🤔 reasoning DatalogReasoner |███████████████| 100.0% ETA: - Rate: - Time: 0.60s Extracted: -  2652 inferred facts across 767 concepts, 305 files updated

[12:29:50] Change detected, re-running reasoning...
🔄 Semantica is reasoning: Starting semi-naive fixpoint evaluation 🤔 reasoning DatalogReasoner |░░░░░░░░░░░░░░░| 0.0% ETA: - Rate: - Time: 0.00s Extracted: -✅ Semantica is reasoning: Fixpoint reached in 6 iterations. 3276 new facts derived. 🤔 reasoning DatalogReasoner |███████████████| 100.0% ETA: - Rate: - Time: 0.61s Extracted: -  2652 inferred facts across 767 concepts, 305 files updated

[12:29:56] Change detected, re-running reasoning...
🔄 Semantica is reasoning: Starting semi-naive fixpoint evaluation 🤔 reasoning DatalogReasoner |░░░░░░░░░░░░░░░| 0.0% ETA: - Rate: - Time: 0.00s Extracted: -✅ Semantica is reasoning: Fixpoint reached in 6 iterations. 3276 new facts derived. 🤔 reasoning DatalogReasoner |███████████████| 100.0% ETA: - Rate: - Time: 0.62s Extracted: -  2652 inferred facts across 767 concepts, 305 files updated

[12:30:02] Change detected, re-running reasoning...
🔄 Semantica is reasoning: Starting semi-naive fixpoint evaluation 🤔 reasoning DatalogReasoner |░░░░░░░░░░░░░░░| 0.0% ETA: - Rate: - Time: 0.00s Extracted: -✅ Semantica is reasoning: Fixpoint reached in 6 iterations. 3276 new facts derived. 🤔 reasoning DatalogReasoner |███████████████| 100.0% ETA: - Rate: - Time: 0.61s Extracted: -  2652 inferred facts across 767 concepts, 305 files updated

[12:30:10] Change detected, re-running reasoning...
🔄 Semantica is reasoning: Starting semi-naive fixpoint evaluation 🤔 reasoning DatalogReasoner |░░░░░░░░░░░░░░░| 0.0% ETA: - Rate: - Time: 0.00s Extracted: -✅ Semantica is reasoning: Fixpoint reached in 6 iterations. 3276 new facts derived. 🤔 reasoning DatalogReasoner |███████████████| 100.0% ETA: - Rate: - Time: 0.61s Extracted: -  2652 inferred facts across 767 concepts, 305 files updated

[12:30:30] Change detected, re-running reasoning...
🔄 Semantica is reasoning: Starting semi-naive fixpoint evaluation 🤔 reasoning DatalogReasoner |░░░░░░░░░░░░░░░| 0.0% ETA: - Rate: - Time: 0.00s Extracted: -✅ Semantica is reasoning: Fixpoint reached in 6 iterations. 3276 new facts derived. 🤔 reasoning DatalogReasoner |███████████████| 100.0% ETA: - Rate: - Time: 0.61s Extracted: -  2652 inferred facts across 767 concepts, 305 files updated

[12:30:39] Change detected, re-running reasoning...
🔄 Semantica is reasoning: Starting semi-naive fixpoint evaluation 🤔 reasoning DatalogReasoner |░░░░░░░░░░░░░░░| 0.0% ETA: - Rate: - Time: 0.00s Extracted: -✅ Semantica is reasoning: Fixpoint reached in 6 iterations. 3274 new facts derived. 🤔 reasoning DatalogReasoner |███████████████| 100.0% ETA: - Rate: - Time: 0.61s Extracted: -  2650 inferred facts across 766 concepts, 305 files updated

[12:30:46] Change detected, re-running reasoning...
🔄 Semantica is reasoning: Starting semi-naive fixpoint evaluation 🤔 reasoning DatalogReasoner |░░░░░░░░░░░░░░░| 0.0% ETA: - Rate: - Time: 0.00s Extracted: -✅ Semantica is reasoning: Fixpoint reached in 6 iterations. 3274 new facts derived. 🤔 reasoning DatalogReasoner |███████████████| 100.0% ETA: - Rate: - Time: 0.61s Extracted: -  2650 inferred facts across 766 concepts, 304 files updated

[12:30:52] Change detected, re-running reasoning...
🔄 Semantica is reasoning: Starting semi-naive fixpoint evaluation 🤔 reasoning DatalogReasoner |░░░░░░░░░░░░░░░| 0.0% ETA: - Rate: - Time: 0.00s Extracted: -✅ Semantica is reasoning: Fixpoint reached in 6 iterations. 3274 new facts derived. 🤔 reasoning DatalogReasoner |███████████████| 100.0% ETA: - Rate: - Time: 0.61s Extracted: -  2650 inferred facts across 766 concepts, 304 files updated

[12:31:14] Change detected, re-running reasoning...
🔄 Semantica is reasoning: Starting semi-naive fixpoint evaluation 🤔 reasoning DatalogReasoner |░░░░░░░░░░░░░░░| 0.0% ETA: - Rate: - Time: 0.00s Extracted: -✅ Semantica is reasoning: Fixpoint reached in 6 iterations. 3274 new facts derived. 🤔 reasoning DatalogReasoner |███████████████| 100.0% ETA: - Rate: - Time: 0.64s Extracted: -  2650 inferred facts across 766 concepts, 304 files updated

[12:31:21] Change detected, re-running reasoning...
🔄 Semantica is reasoning: Starting semi-naive fixpoint evaluation 🤔 reasoning DatalogReasoner |░░░░░░░░░░░░░░░| 0.0% ETA: - Rate: - Time: 0.00s Extracted: -✅ Semantica is reasoning: Fixpoint reached in 6 iterations. 3274 new facts derived. 🤔 reasoning DatalogReasoner |███████████████| 100.0% ETA: - Rate: - Time: 0.61s Extracted: -  2650 inferred facts across 766 concepts, 304 files updated

[12:31:29] Change detected, re-running reasoning...
🔄 Semantica is reasoning: Starting semi-naive fixpoint evaluation 🤔 reasoning DatalogReasoner |░░░░░░░░░░░░░░░| 0.0% ETA: - Rate: - Time: 0.00s Extracted: -✅ Semantica is reasoning: Fixpoint reached in 6 iterations. 3274 new facts derived. 🤔 reasoning DatalogReasoner |███████████████| 100.0% ETA: - Rate: - Time: 0.60s Extracted: -  2650 inferred facts across 766 concepts, 304 files updated

[12:31:36] Change detected, re-running reasoning...
🔄 Semantica is reasoning: Starting semi-naive fixpoint evaluation 🤔 reasoning DatalogReasoner |░░░░░░░░░░░░░░░| 0.0% ETA: - Rate: - Time: 0.00s Extracted: -✅ Semantica is reasoning: Fixpoint reached in 6 iterations. 3274 new facts derived. 🤔 reasoning DatalogReasoner |███████████████| 100.0% ETA: - Rate: - Time: 0.61s Extracted: -  2650 inferred facts across 766 concepts, 304 files updated

[12:31:43] Change detected, re-running reasoning...
🔄 Semantica is reasoning: Starting semi-naive fixpoint evaluation 🤔 reasoning DatalogReasoner |░░░░░░░░░░░░░░░| 0.0% ETA: - Rate: - Time: 0.00s Extracted: -✅ Semantica is reasoning: Fixpoint reached in 6 iterations. 3274 new facts derived. 🤔 reasoning DatalogReasoner |███████████████| 100.0% ETA: - Rate: - Time: 0.61s Extracted: -  2650 inferred facts across 766 concepts, 304 files updated

[12:31:50] Change detected, re-running reasoning...
🔄 Semantica is reasoning: Starting semi-naive fixpoint evaluation 🤔 reasoning DatalogReasoner |░░░░░░░░░░░░░░░| 0.0% ETA: - Rate: - Time: 0.00s Extracted: -✅ Semantica is reasoning: Fixpoint reached in 6 iterations. 3274 new facts derived. 🤔 reasoning DatalogReasoner |███████████████| 100.0% ETA: - Rate: - Time: 0.61s Extracted: -  2650 inferred facts across 766 concepts, 304 files updated

[12:32:01] Change detected, re-running reasoning...
🔄 Semantica is reasoning: Starting semi-naive fixpoint evaluation 🤔 reasoning DatalogReasoner |░░░░░░░░░░░░░░░| 0.0% ETA: - Rate: - Time: 0.00s Extracted: -✅ Semantica is reasoning: Fixpoint reached in 6 iterations. 3274 new facts derived. 🤔 reasoning DatalogReasoner |███████████████| 100.0% ETA: - Rate: - Time: 0.60s Extracted: -  2650 inferred facts across 766 concepts, 304 files updated

[12:32:07] Change detected, re-running reasoning...
🔄 Semantica is reasoning: Starting semi-naive fixpoint evaluation 🤔 reasoning DatalogReasoner |░░░░░░░░░░░░░░░| 0.0% ETA: - Rate: - Time: 0.00s Extracted: -✅ Semantica is reasoning: Fixpoint reached in 6 iterations. 3027 new facts derived. 🤔 reasoning DatalogReasoner |███████████████| 100.0% ETA: - Rate: - Time: 0.55s Extracted: -  2500 inferred facts across 743 concepts, 371 files updated

[12:32:13] Change detected, re-running reasoning...
🔄 Semantica is reasoning: Starting semi-naive fixpoint evaluation 🤔 reasoning DatalogReasoner |░░░░░░░░░░░░░░░| 0.0% ETA: - Rate: - Time: 0.00s Extracted: -✅ Semantica is reasoning: Fixpoint reached in 6 iterations. 3027 new facts derived. 🤔 reasoning DatalogReasoner |███████████████| 100.0% ETA: - Rate: - Time: 0.53s Extracted: -  2500 inferred facts across 743 concepts, 313 files updated

[12:32:20] Change detected, re-running reasoning...
🔄 Semantica is reasoning: Starting semi-naive fixpoint evaluation 🤔 reasoning DatalogReasoner |░░░░░░░░░░░░░░░| 0.0% ETA: - Rate: - Time: 0.00s Extracted: -✅ Semantica is reasoning: Fixpoint reached in 6 iterations. 3027 new facts derived. 🤔 reasoning DatalogReasoner |███████████████| 100.0% ETA: - Rate: - Time: 0.53s Extracted: -  2500 inferred facts across 743 concepts, 313 files updated

[12:32:27] Change detected, re-running reasoning...
🔄 Semantica is reasoning: Starting semi-naive fixpoint evaluation 🤔 reasoning DatalogReasoner |░░░░░░░░░░░░░░░| 0.0% ETA: - Rate: - Time: 0.00s Extracted: -✅ Semantica is reasoning: Fixpoint reached in 6 iterations. 3027 new facts derived. 🤔 reasoning DatalogReasoner |███████████████| 100.0% ETA: - Rate: - Time: 0.54s Extracted: -  2500 inferred facts across 743 concepts, 313 files updated

[12:32:36] Change detected, re-running reasoning...
🔄 Semantica is reasoning: Starting semi-naive fixpoint evaluation 🤔 reasoning DatalogReasoner |░░░░░░░░░░░░░░░| 0.0% ETA: - Rate: - Time: 0.00s Extracted: -✅ Semantica is reasoning: Fixpoint reached in 6 iterations. 3027 new facts derived. 🤔 reasoning DatalogReasoner |███████████████| 100.0% ETA: - Rate: - Time: 0.55s Extracted: -  2500 inferred facts across 743 concepts, 313 files updated

[12:32:46] Change detected, re-running reasoning...
🔄 Semantica is reasoning: Starting semi-naive fixpoint evaluation 🤔 reasoning DatalogReasoner |░░░░░░░░░░░░░░░| 0.0% ETA: - Rate: - Time: 0.00s Extracted: -✅ Semantica is reasoning: Fixpoint reached in 6 iterations. 3027 new facts derived. 🤔 reasoning DatalogReasoner |███████████████| 100.0% ETA: - Rate: - Time: 0.55s Extracted: -  2500 inferred facts across 743 concepts, 313 files updated

[12:32:54] Change detected, re-running reasoning...
🔄 Semantica is reasoning: Starting semi-naive fixpoint evaluation 🤔 reasoning DatalogReasoner |░░░░░░░░░░░░░░░| 0.0% ETA: - Rate: - Time: 0.00s Extracted: -✅ Semantica is reasoning: Fixpoint reached in 6 iterations. 3027 new facts derived. 🤔 reasoning DatalogReasoner |███████████████| 100.0% ETA: - Rate: - Time: 0.54s Extracted: -  2500 inferred facts across 743 concepts, 313 files updated

[12:33:00] Change detected, re-running reasoning...
🔄 Semantica is reasoning: Starting semi-naive fixpoint evaluation 🤔 reasoning DatalogReasoner |░░░░░░░░░░░░░░░| 0.0% ETA: - Rate: - Time: 0.00s Extracted: -✅ Semantica is reasoning: Fixpoint reached in 6 iterations. 3027 new facts derived. 🤔 reasoning DatalogReasoner |███████████████| 100.0% ETA: - Rate: - Time: 0.57s Extracted: -  2500 inferred facts across 743 concepts, 313 files updated

[12:33:07] Change detected, re-running reasoning...
🔄 Semantica is reasoning: Starting semi-naive fixpoint evaluation 🤔 reasoning DatalogReasoner |░░░░░░░░░░░░░░░| 0.0% ETA: - Rate: - Time: 0.00s Extracted: -✅ Semantica is reasoning: Fixpoint reached in 6 iterations. 3027 new facts derived. 🤔 reasoning DatalogReasoner |███████████████| 100.0% ETA: - Rate: - Time: 0.54s Extracted: -  2500 inferred facts across 743 concepts, 313 files updated

[12:33:13] Change detected, re-running reasoning...
🔄 Semantica is reasoning: Starting semi-naive fixpoint evaluation 🤔 reasoning DatalogReasoner |░░░░░░░░░░░░░░░| 0.0% ETA: - Rate: - Time: 0.00s Extracted: -✅ Semantica is reasoning: Fixpoint reached in 6 iterations. 3027 new facts derived. 🤔 reasoning DatalogReasoner |███████████████| 100.0% ETA: - Rate: - Time: 0.54s Extracted: -  2500 inferred facts across 743 concepts, 313 files updated

[12:33:26] Change detected, re-running reasoning...
🔄 Semantica is reasoning: Starting semi-naive fixpoint evaluation 🤔 reasoning DatalogReasoner |░░░░░░░░░░░░░░░| 0.0% ETA: - Rate: - Time: 0.00s Extracted: -✅ Semantica is reasoning: Fixpoint reached in 6 iterations. 3027 new facts derived. 🤔 reasoning DatalogReasoner |███████████████| 100.0% ETA: - Rate: - Time: 0.53s Extracted: -  2500 inferred facts across 743 concepts, 313 files updated

[12:33:32] Change detected, re-running reasoning...
🔄 Semantica is reasoning: Starting semi-naive fixpoint evaluation 🤔 reasoning DatalogReasoner |░░░░░░░░░░░░░░░| 0.0% ETA: - Rate: - Time: 0.00s Extracted: -✅ Semantica is reasoning: Fixpoint reached in 6 iterations. 3027 new facts derived. 🤔 reasoning DatalogReasoner |███████████████| 100.0% ETA: - Rate: - Time: 0.55s Extracted: -  2500 inferred facts across 743 concepts, 313 files updated

[12:33:40] Change detected, re-running reasoning...
🔄 Semantica is reasoning: Starting semi-naive fixpoint evaluation 🤔 reasoning DatalogReasoner |░░░░░░░░░░░░░░░| 0.0% ETA: - Rate: - Time: 0.00s Extracted: -✅ Semantica is reasoning: Fixpoint reached in 6 iterations. 2827 new facts derived. 🤔 reasoning DatalogReasoner |███████████████| 100.0% ETA: - Rate: - Time: 0.49s Extracted: -  2372 inferred facts across 723 concepts, 324 files updated

[12:33:46] Change detected, re-running reasoning...
🔄 Semantica is reasoning: Starting semi-naive fixpoint evaluation 🤔 reasoning DatalogReasoner |░░░░░░░░░░░░░░░| 0.0% ETA: - Rate: - Time: 0.00s Extracted: -✅ Semantica is reasoning: Fixpoint reached in 6 iterations. 2827 new facts derived. 🤔 reasoning DatalogReasoner |███████████████| 100.0% ETA: - Rate: - Time: 0.48s Extracted: -  2372 inferred facts across 723 concepts, 309 files updated

[12:33:53] Change detected, re-running reasoning...
🔄 Semantica is reasoning: Starting semi-naive fixpoint evaluation 🤔 reasoning DatalogReasoner |░░░░░░░░░░░░░░░| 0.0% ETA: - Rate: - Time: 0.00s Extracted: -✅ Semantica is reasoning: Fixpoint reached in 6 iterations. 2827 new facts derived. 🤔 reasoning DatalogReasoner |███████████████| 100.0% ETA: - Rate: - Time: 0.53s Extracted: -  2372 inferred facts across 723 concepts, 309 files updated

[12:33:59] Change detected, re-running reasoning...
🔄 Semantica is reasoning: Starting semi-naive fixpoint evaluation 🤔 reasoning DatalogReasoner |░░░░░░░░░░░░░░░| 0.0% ETA: - Rate: - Time: 0.00s Extracted: -✅ Semantica is reasoning: Fixpoint reached in 6 iterations. 2827 new facts derived. 🤔 reasoning DatalogReasoner |███████████████| 100.0% ETA: - Rate: - Time: 0.48s Extracted: -  2372 inferred facts across 723 concepts, 309 files updated

[12:34:08] Change detected, re-running reasoning...
🔄 Semantica is reasoning: Starting semi-naive fixpoint evaluation 🤔 reasoning DatalogReasoner |░░░░░░░░░░░░░░░| 0.0% ETA: - Rate: - Time: 0.00s Extracted: -✅ Semantica is reasoning: Fixpoint reached in 6 iterations. 2581 new facts derived. 🤔 reasoning DatalogReasoner |███████████████| 100.0% ETA: - Rate: - Time: 0.41s Extracted: -  2192 inferred facts across 691 concepts, 302 files updated

[12:34:14] Change detected, re-running reasoning...
🔄 Semantica is reasoning: Starting semi-naive fixpoint evaluation 🤔 reasoning DatalogReasoner |░░░░░░░░░░░░░░░| 0.0% ETA: - Rate: - Time: 0.00s Extracted: -✅ Semantica is reasoning: Fixpoint reached in 6 iterations. 2581 new facts derived. 🤔 reasoning DatalogReasoner |███████████████| 100.0% ETA: - Rate: - Time: 0.42s Extracted: -  2192 inferred facts across 691 concepts, 302 files updated

[12:34:21] Change detected, re-running reasoning...
🔄 Semantica is reasoning: Starting semi-naive fixpoint evaluation 🤔 reasoning DatalogReasoner |░░░░░░░░░░░░░░░| 0.0% ETA: - Rate: - Time: 0.00s Extracted: -✅ Semantica is reasoning: Fixpoint reached in 6 iterations. 2577 new facts derived. 🤔 reasoning DatalogReasoner |███████████████| 100.0% ETA: - Rate: - Time: 0.41s Extracted: -  2188 inferred facts across 691 concepts, 305 files updated

[12:34:28] Change detected, re-running reasoning...
🔄 Semantica is reasoning: Starting semi-naive fixpoint evaluation 🤔 reasoning DatalogReasoner |░░░░░░░░░░░░░░░| 0.0% ETA: - Rate: - Time: 0.00s Extracted: -✅ Semantica is reasoning: Fixpoint reached in 6 iterations. 2577 new facts derived. 🤔 reasoning DatalogReasoner |███████████████| 100.0% ETA: - Rate: - Time: 0.40s Extracted: -  2188 inferred facts across 691 concepts, 302 files updated

[12:34:34] Change detected, re-running reasoning...
🔄 Semantica is reasoning: Starting semi-naive fixpoint evaluation 🤔 reasoning DatalogReasoner |░░░░░░░░░░░░░░░| 0.0% ETA: - Rate: - Time: 0.00s Extracted: -✅ Semantica is reasoning: Fixpoint reached in 6 iterations. 2577 new facts derived. 🤔 reasoning DatalogReasoner |███████████████| 100.0% ETA: - Rate: - Time: 0.42s Extracted: -  2188 inferred facts across 691 concepts, 302 files updated

[12:34:41] Change detected, re-running reasoning...
🔄 Semantica is reasoning: Starting semi-naive fixpoint evaluation 🤔 reasoning DatalogReasoner |░░░░░░░░░░░░░░░| 0.0% ETA: - Rate: - Time: 0.00s Extracted: -✅ Semantica is reasoning: Fixpoint reached in 6 iterations. 2577 new facts derived. 🤔 reasoning DatalogReasoner |███████████████| 100.0% ETA: - Rate: - Time: 0.40s Extracted: -  2188 inferred facts across 691 concepts, 302 files updated

[12:34:49] Change detected, re-running reasoning...
🔄 Semantica is reasoning: Starting semi-naive fixpoint evaluation 🤔 reasoning DatalogReasoner |░░░░░░░░░░░░░░░| 0.0% ETA: - Rate: - Time: 0.00s Extracted: -✅ Semantica is reasoning: Fixpoint reached in 6 iterations. 2522 new facts derived. 🤔 reasoning DatalogReasoner |███████████████| 100.0% ETA: - Rate: - Time: 0.39s Extracted: -  2137 inferred facts across 680 concepts, 310 files updated

[12:34:55] Change detected, re-running reasoning...
🔄 Semantica is reasoning: Starting semi-naive fixpoint evaluation 🤔 reasoning DatalogReasoner |░░░░░░░░░░░░░░░| 0.0% ETA: - Rate: - Time: 0.00s Extracted: -✅ Semantica is reasoning: Fixpoint reached in 6 iterations. 2522 new facts derived. 🤔 reasoning DatalogReasoner |███████████████| 100.0% ETA: - Rate: - Time: 0.39s Extracted: -  2137 inferred facts across 680 concepts, 296 files updated

[12:35:01] Change detected, re-running reasoning...
🔄 Semantica is reasoning: Starting semi-naive fixpoint evaluation 🤔 reasoning DatalogReasoner |░░░░░░░░░░░░░░░| 0.0% ETA: - Rate: - Time: 0.00s Extracted: -✅ Semantica is reasoning: Fixpoint reached in 6 iterations. 2522 new facts derived. 🤔 reasoning DatalogReasoner |███████████████| 100.0% ETA: - Rate: - Time: 0.39s Extracted: -  2137 inferred facts across 680 concepts, 296 files updated

[12:35:08] Change detected, re-running reasoning...
🔄 Semantica is reasoning: Starting semi-naive fixpoint evaluation 🤔 reasoning DatalogReasoner |░░░░░░░░░░░░░░░| 0.0% ETA: - Rate: - Time: 0.00s Extracted: -✅ Semantica is reasoning: Fixpoint reached in 6 iterations. 2522 new facts derived. 🤔 reasoning DatalogReasoner |███████████████| 100.0% ETA: - Rate: - Time: 0.39s Extracted: -  2137 inferred facts across 680 concepts, 296 files updated

[12:35:18] Change detected, re-running reasoning...
🔄 Semantica is reasoning: Starting semi-naive fixpoint evaluation 🤔 reasoning DatalogReasoner |░░░░░░░░░░░░░░░| 0.0% ETA: - Rate: - Time: 0.00s Extracted: -✅ Semantica is reasoning: Fixpoint reached in 6 iterations. 2522 new facts derived. 🤔 reasoning DatalogReasoner |███████████████| 100.0% ETA: - Rate: - Time: 0.39s Extracted: -  2137 inferred facts across 680 concepts, 296 files updated

[12:35:24] Change detected, re-running reasoning...
🔄 Semantica is reasoning: Starting semi-naive fixpoint evaluation 🤔 reasoning DatalogReasoner |░░░░░░░░░░░░░░░| 0.0% ETA: - Rate: - Time: 0.00s Extracted: -✅ Semantica is reasoning: Fixpoint reached in 6 iterations. 2425 new facts derived. 🤔 reasoning DatalogReasoner |███████████████| 100.0% ETA: - Rate: - Time: 0.37s Extracted: -  2068 inferred facts across 663 concepts, 305 files updated

[12:35:30] Change detected, re-running reasoning...
🔄 Semantica is reasoning: Starting semi-naive fixpoint evaluation 🤔 reasoning DatalogReasoner |░░░░░░░░░░░░░░░| 0.0% ETA: - Rate: - Time: 0.00s Extracted: -✅ Semantica is reasoning: Fixpoint reached in 6 iterations. 2425 new facts derived. 🤔 reasoning DatalogReasoner |███████████████| 100.0% ETA: - Rate: - Time: 0.36s Extracted: -  2068 inferred facts across 663 concepts, 290 files updated

[12:35:37] Change detected, re-running reasoning...
🔄 Semantica is reasoning: Starting semi-naive fixpoint evaluation 🤔 reasoning DatalogReasoner |░░░░░░░░░░░░░░░| 0.0% ETA: - Rate: - Time: 0.00s Extracted: -✅ Semantica is reasoning: Fixpoint reached in 6 iterations. 2425 new facts derived. 🤔 reasoning DatalogReasoner |███████████████| 100.0% ETA: - Rate: - Time: 0.35s Extracted: -  2068 inferred facts across 663 concepts, 290 files updated

[12:35:44] Change detected, re-running reasoning...
🔄 Semantica is reasoning: Starting semi-naive fixpoint evaluation 🤔 reasoning DatalogReasoner |░░░░░░░░░░░░░░░| 0.0% ETA: - Rate: - Time: 0.00s Extracted: -✅ Semantica is reasoning: Fixpoint reached in 6 iterations. 2425 new facts derived. 🤔 reasoning DatalogReasoner |███████████████| 100.0% ETA: - Rate: - Time: 0.35s Extracted: -  2068 inferred facts across 663 concepts, 290 files updated

[12:35:50] Change detected, re-running reasoning...
🔄 Semantica is reasoning: Starting semi-naive fixpoint evaluation 🤔 reasoning DatalogReasoner |░░░░░░░░░░░░░░░| 0.0% ETA: - Rate: - Time: 0.00s Extracted: -✅ Semantica is reasoning: Fixpoint reached in 6 iterations. 2425 new facts derived. 🤔 reasoning DatalogReasoner |███████████████| 100.0% ETA: - Rate: - Time: 0.36s Extracted: -  2068 inferred facts across 663 concepts, 290 files updated

[12:35:56] Change detected, re-running reasoning...
🔄 Semantica is reasoning: Starting semi-naive fixpoint evaluation 🤔 reasoning DatalogReasoner |░░░░░░░░░░░░░░░| 0.0% ETA: - Rate: - Time: 0.00s Extracted: -✅ Semantica is reasoning: Fixpoint reached in 6 iterations. 2425 new facts derived. 🤔 reasoning DatalogReasoner |███████████████| 100.0% ETA: - Rate: - Time: 0.36s Extracted: -  2068 inferred facts across 663 concepts, 290 files updated

[12:36:17] Change detected, re-running reasoning...
🔄 Semantica is reasoning: Starting semi-naive fixpoint evaluation 🤔 reasoning DatalogReasoner |░░░░░░░░░░░░░░░| 0.0% ETA: - Rate: - Time: 0.00s Extracted: -✅ Semantica is reasoning: Fixpoint reached in 6 iterations. 2309 new facts derived. 🤔 reasoning DatalogReasoner |███████████████| 100.0% ETA: - Rate: - Time: 0.33s Extracted: -  1963 inferred facts across 635 concepts, 293 files updated

[12:36:30] Change detected, re-running reasoning...
🔄 Semantica is reasoning: Starting semi-naive fixpoint evaluation 🤔 reasoning DatalogReasoner |░░░░░░░░░░░░░░░| 0.0% ETA: - Rate: - Time: 0.00s Extracted: -✅ Semantica is reasoning: Fixpoint reached in 6 iterations. 2309 new facts derived. 🤔 reasoning DatalogReasoner |███████████████| 100.0% ETA: - Rate: - Time: 0.32s Extracted: -  1963 inferred facts across 635 concepts, 270 files updated

[12:36:36] Change detected, re-running reasoning...
🔄 Semantica is reasoning: Starting semi-naive fixpoint evaluation 🤔 reasoning DatalogReasoner |░░░░░░░░░░░░░░░| 0.0% ETA: - Rate: - Time: 0.00s Extracted: -✅ Semantica is reasoning: Fixpoint reached in 6 iterations. 2309 new facts derived. 🤔 reasoning DatalogReasoner |███████████████| 100.0% ETA: - Rate: - Time: 0.32s Extracted: -  1963 inferred facts across 635 concepts, 270 files updated

[12:36:45] Change detected, re-running reasoning...
🔄 Semantica is reasoning: Starting semi-naive fixpoint evaluation 🤔 reasoning DatalogReasoner |░░░░░░░░░░░░░░░| 0.0% ETA: - Rate: - Time: 0.00s Extracted: -✅ Semantica is reasoning: Fixpoint reached in 6 iterations. 2309 new facts derived. 🤔 reasoning DatalogReasoner |███████████████| 100.0% ETA: - Rate: - Time: 0.32s Extracted: -  1963 inferred facts across 635 concepts, 270 files updated

[12:36:52] Change detected, re-running reasoning...
🔄 Semantica is reasoning: Starting semi-naive fixpoint evaluation 🤔 reasoning DatalogReasoner |░░░░░░░░░░░░░░░| 0.0% ETA: - Rate: - Time: 0.00s Extracted: -✅ Semantica is reasoning: Fixpoint reached in 6 iterations. 2237 new facts derived. 🤔 reasoning DatalogReasoner |███████████████| 100.0% ETA: - Rate: - Time: 0.31s Extracted: -  1903 inferred facts across 621 concepts, 272 files updated

[12:36:58] Change detected, re-running reasoning...
🔄 Semantica is reasoning: Starting semi-naive fixpoint evaluation 🤔 reasoning DatalogReasoner |░░░░░░░░░░░░░░░| 0.0% ETA: - Rate: - Time: 0.00s Extracted: -✅ Semantica is reasoning: Fixpoint reached in 6 iterations. 2237 new facts derived. 🤔 reasoning DatalogReasoner |███████████████| 100.0% ETA: - Rate: - Time: 0.30s Extracted: -  1903 inferred facts across 621 concepts, 257 files updated

[12:37:04] Change detected, re-running reasoning...
🔄 Semantica is reasoning: Starting semi-naive fixpoint evaluation 🤔 reasoning DatalogReasoner |░░░░░░░░░░░░░░░| 0.0% ETA: - Rate: - Time: 0.00s Extracted: -✅ Semantica is reasoning: Fixpoint reached in 6 iterations. 2237 new facts derived. 🤔 reasoning DatalogReasoner |███████████████| 100.0% ETA: - Rate: - Time: 0.31s Extracted: -  1903 inferred facts across 621 concepts, 257 files updated

[12:37:10] Change detected, re-running reasoning...
🔄 Semantica is reasoning: Starting semi-naive fixpoint evaluation 🤔 reasoning DatalogReasoner |░░░░░░░░░░░░░░░| 0.0% ETA: - Rate: - Time: 0.00s Extracted: -✅ Semantica is reasoning: Fixpoint reached in 6 iterations. 2237 new facts derived. 🤔 reasoning DatalogReasoner |███████████████| 100.0% ETA: - Rate: - Time: 0.30s Extracted: -  1903 inferred facts across 621 concepts, 257 files updated

[12:37:17] Change detected, re-running reasoning...
🔄 Semantica is reasoning: Starting semi-naive fixpoint evaluation 🤔 reasoning DatalogReasoner |░░░░░░░░░░░░░░░| 0.0% ETA: - Rate: - Time: 0.00s Extracted: -✅ Semantica is reasoning: Fixpoint reached in 6 iterations. 2237 new facts derived. 🤔 reasoning DatalogReasoner |███████████████| 100.0% ETA: - Rate: - Time: 0.30s Extracted: -  1903 inferred facts across 621 concepts, 257 files updated

[12:37:24] Change detected, re-running reasoning...
🔄 Semantica is reasoning: Starting semi-naive fixpoint evaluation 🤔 reasoning DatalogReasoner |░░░░░░░░░░░░░░░| 0.0% ETA: - Rate: - Time: 0.00s Extracted: -✅ Semantica is reasoning: Fixpoint reached in 6 iterations. 2237 new facts derived. 🤔 reasoning DatalogReasoner |███████████████| 100.0% ETA: - Rate: - Time: 0.31s Extracted: -  1903 inferred facts across 621 concepts, 257 files updated

[12:37:30] Change detected, re-running reasoning...
🔄 Semantica is reasoning: Starting semi-naive fixpoint evaluation 🤔 reasoning DatalogReasoner |░░░░░░░░░░░░░░░| 0.0% ETA: - Rate: - Time: 0.00s Extracted: -✅ Semantica is reasoning: Fixpoint reached in 6 iterations. 2237 new facts derived. 🤔 reasoning DatalogReasoner |███████████████| 100.0% ETA: - Rate: - Time: 0.31s Extracted: -  1903 inferred facts across 621 concepts, 257 files updated

[12:37:37] Change detected, re-running reasoning...
🔄 Semantica is reasoning: Starting semi-naive fixpoint evaluation 🤔 reasoning DatalogReasoner |░░░░░░░░░░░░░░░| 0.0% ETA: - Rate: - Time: 0.00s Extracted: -✅ Semantica is reasoning: Fixpoint reached in 6 iterations. 2237 new facts derived. 🤔 reasoning DatalogReasoner |███████████████| 100.0% ETA: - Rate: - Time: 0.30s Extracted: -  1903 inferred facts across 621 concepts, 257 files updated

[12:37:43] Change detected, re-running reasoning...
🔄 Semantica is reasoning: Starting semi-naive fixpoint evaluation 🤔 reasoning DatalogReasoner |░░░░░░░░░░░░░░░| 0.0% ETA: - Rate: - Time: 0.00s Extracted: -✅ Semantica is reasoning: Fixpoint reached in 6 iterations. 2138 new facts derived. 🤔 reasoning DatalogReasoner |███████████████| 100.0% ETA: - Rate: - Time: 0.27s Extracted: -  1830 inferred facts across 599 concepts, 261 files updated

[12:37:50] Change detected, re-running reasoning...
🔄 Semantica is reasoning: Starting semi-naive fixpoint evaluation 🤔 reasoning DatalogReasoner |░░░░░░░░░░░░░░░| 0.0% ETA: - Rate: - Time: 0.00s Extracted: -✅ Semantica is reasoning: Fixpoint reached in 6 iterations. 2138 new facts derived. 🤔 reasoning DatalogReasoner |███████████████| 100.0% ETA: - Rate: - Time: 0.28s Extracted: -  1830 inferred facts across 599 concepts, 243 files updated

[12:37:56] Change detected, re-running reasoning...
🔄 Semantica is reasoning: Starting semi-naive fixpoint evaluation 🤔 reasoning DatalogReasoner |░░░░░░░░░░░░░░░| 0.0% ETA: - Rate: - Time: 0.00s Extracted: -✅ Semantica is reasoning: Fixpoint reached in 6 iterations. 2138 new facts derived. 🤔 reasoning DatalogReasoner |███████████████| 100.0% ETA: - Rate: - Time: 0.28s Extracted: -  1830 inferred facts across 599 concepts, 243 files updated

[12:38:02] Change detected, re-running reasoning...
🔄 Semantica is reasoning: Starting semi-naive fixpoint evaluation 🤔 reasoning DatalogReasoner |░░░░░░░░░░░░░░░| 0.0% ETA: - Rate: - Time: 0.00s Extracted: -✅ Semantica is reasoning: Fixpoint reached in 6 iterations. 2138 new facts derived. 🤔 reasoning DatalogReasoner |███████████████| 100.0% ETA: - Rate: - Time: 0.28s Extracted: -  1830 inferred facts across 599 concepts, 243 files updated

[12:38:09] Change detected, re-running reasoning...
🔄 Semantica is reasoning: Starting semi-naive fixpoint evaluation 🤔 reasoning DatalogReasoner |░░░░░░░░░░░░░░░| 0.0% ETA: - Rate: - Time: 0.00s Extracted: -✅ Semantica is reasoning: Fixpoint reached in 6 iterations. 2138 new facts derived. 🤔 reasoning DatalogReasoner |███████████████| 100.0% ETA: - Rate: - Time: 0.28s Extracted: -  1830 inferred facts across 599 concepts, 243 files updated

[12:38:16] Change detected, re-running reasoning...
🔄 Semantica is reasoning: Starting semi-naive fixpoint evaluation 🤔 reasoning DatalogReasoner |░░░░░░░░░░░░░░░| 0.0% ETA: - Rate: - Time: 0.00s Extracted: -✅ Semantica is reasoning: Fixpoint reached in 6 iterations. 2138 new facts derived. 🤔 reasoning DatalogReasoner |███████████████| 100.0% ETA: - Rate: - Time: 0.27s Extracted: -  1830 inferred facts across 599 concepts, 243 files updated

[12:38:23] Change detected, re-running reasoning...
🔄 Semantica is reasoning: Starting semi-naive fixpoint evaluation 🤔 reasoning DatalogReasoner |░░░░░░░░░░░░░░░| 0.0% ETA: - Rate: - Time: 0.00s Extracted: -✅ Semantica is reasoning: Fixpoint reached in 6 iterations. 2138 new facts derived. 🤔 reasoning DatalogReasoner |███████████████| 100.0% ETA: - Rate: - Time: 0.27s Extracted: -  1830 inferred facts across 599 concepts, 243 files updated

[12:38:30] Change detected, re-running reasoning...
🔄 Semantica is reasoning: Starting semi-naive fixpoint evaluation 🤔 reasoning DatalogReasoner |░░░░░░░░░░░░░░░| 0.0% ETA: - Rate: - Time: 0.00s Extracted: -✅ Semantica is reasoning: Fixpoint reached in 6 iterations. 2138 new facts derived. 🤔 reasoning DatalogReasoner |███████████████| 100.0% ETA: - Rate: - Time: 0.29s Extracted: -  1830 inferred facts across 599 concepts, 243 files updated

[12:38:38] Change detected, re-running reasoning...
🔄 Semantica is reasoning: Starting semi-naive fixpoint evaluation 🤔 reasoning DatalogReasoner |░░░░░░░░░░░░░░░| 0.0% ETA: - Rate: - Time: 0.00s Extracted: -✅ Semantica is reasoning: Fixpoint reached in 6 iterations. 2138 new facts derived. 🤔 reasoning DatalogReasoner |███████████████| 100.0% ETA: - Rate: - Time: 0.28s Extracted: -  1830 inferred facts across 599 concepts, 243 files updated

[12:38:45] Change detected, re-running reasoning...
🔄 Semantica is reasoning: Starting semi-naive fixpoint evaluation 🤔 reasoning DatalogReasoner |░░░░░░░░░░░░░░░| 0.0% ETA: - Rate: - Time: 0.00s Extracted: -✅ Semantica is reasoning: Fixpoint reached in 6 iterations. 2138 new facts derived. 🤔 reasoning DatalogReasoner |███████████████| 100.0% ETA: - Rate: - Time: 0.27s Extracted: -  1830 inferred facts across 599 concepts, 243 files updated

[12:38:52] Change detected, re-running reasoning...
🔄 Semantica is reasoning: Starting semi-naive fixpoint evaluation 🤔 reasoning DatalogReasoner |░░░░░░░░░░░░░░░| 0.0% ETA: - Rate: - Time: 0.00s Extracted: -✅ Semantica is reasoning: Fixpoint reached in 6 iterations. 2138 new facts derived. 🤔 reasoning DatalogReasoner |███████████████| 100.0% ETA: - Rate: - Time: 0.28s Extracted: -  1830 inferred facts across 599 concepts, 243 files updated

[12:38:58] Change detected, re-running reasoning...
🔄 Semantica is reasoning: Starting semi-naive fixpoint evaluation 🤔 reasoning DatalogReasoner |░░░░░░░░░░░░░░░| 0.0% ETA: - Rate: - Time: 0.00s Extracted: -✅ Semantica is reasoning: Fixpoint reached in 6 iterations. 2138 new facts derived. 🤔 reasoning DatalogReasoner |███████████████| 100.0% ETA: - Rate: - Time: 0.28s Extracted: -  1830 inferred facts across 599 concepts, 243 files updated

[12:39:04] Change detected, re-running reasoning...
🔄 Semantica is reasoning: Starting semi-naive fixpoint evaluation 🤔 reasoning DatalogReasoner |░░░░░░░░░░░░░░░| 0.0% ETA: - Rate: - Time: 0.00s Extracted: -✅ Semantica is reasoning: Fixpoint reached in 6 iterations. 2138 new facts derived. 🤔 reasoning DatalogReasoner |███████████████| 100.0% ETA: - Rate: - Time: 0.28s Extracted: -  1830 inferred facts across 599 concepts, 243 files updated

[12:39:10] Change detected, re-running reasoning...
🔄 Semantica is reasoning: Starting semi-naive fixpoint evaluation 🤔 reasoning DatalogReasoner |░░░░░░░░░░░░░░░| 0.0% ETA: - Rate: - Time: 0.00s Extracted: -✅ Semantica is reasoning: Fixpoint reached in 6 iterations. 2138 new facts derived. 🤔 reasoning DatalogReasoner |███████████████| 100.0% ETA: - Rate: - Time: 0.28s Extracted: -  1830 inferred facts across 599 concepts, 243 files updated

[12:39:16] Change detected, re-running reasoning...
🔄 Semantica is reasoning: Starting semi-naive fixpoint evaluation 🤔 reasoning DatalogReasoner |░░░░░░░░░░░░░░░| 0.0% ETA: - Rate: - Time: 0.00s Extracted: -✅ Semantica is reasoning: Fixpoint reached in 6 iterations. 2138 new facts derived. 🤔 reasoning DatalogReasoner |███████████████| 100.0% ETA: - Rate: - Time: 0.27s Extracted: -  1830 inferred facts across 599 concepts, 243 files updated

[12:39:22] Change detected, re-running reasoning...
🔄 Semantica is reasoning: Starting semi-naive fixpoint evaluation 🤔 reasoning DatalogReasoner |░░░░░░░░░░░░░░░| 0.0% ETA: - Rate: - Time: 0.00s Extracted: -✅ Semantica is reasoning: Fixpoint reached in 6 iterations. 2138 new facts derived. 🤔 reasoning DatalogReasoner |███████████████| 100.0% ETA: - Rate: - Time: 0.28s Extracted: -  1830 inferred facts across 599 concepts, 243 files updated

[12:39:28] Change detected, re-running reasoning...
🔄 Semantica is reasoning: Starting semi-naive fixpoint evaluation 🤔 reasoning DatalogReasoner |░░░░░░░░░░░░░░░| 0.0% ETA: - Rate: - Time: 0.00s Extracted: -✅ Semantica is reasoning: Fixpoint reached in 6 iterations. 2138 new facts derived. 🤔 reasoning DatalogReasoner |███████████████| 100.0% ETA: - Rate: - Time: 0.28s Extracted: -  1830 inferred facts across 599 concepts, 243 files updated

[12:39:35] Change detected, re-running reasoning...
🔄 Semantica is reasoning: Starting semi-naive fixpoint evaluation 🤔 reasoning DatalogReasoner |░░░░░░░░░░░░░░░| 0.0% ETA: - Rate: - Time: 0.00s Extracted: -✅ Semantica is reasoning: Fixpoint reached in 6 iterations. 2138 new facts derived. 🤔 reasoning DatalogReasoner |███████████████| 100.0% ETA: - Rate: - Time: 0.30s Extracted: -  1830 inferred facts across 599 concepts, 243 files updated

[12:39:41] Change detected, re-running reasoning...
🔄 Semantica is reasoning: Starting semi-naive fixpoint evaluation 🤔 reasoning DatalogReasoner |░░░░░░░░░░░░░░░| 0.0% ETA: - Rate: - Time: 0.00s Extracted: -✅ Semantica is reasoning: Fixpoint reached in 6 iterations. 2138 new facts derived. 🤔 reasoning DatalogReasoner |███████████████| 100.0% ETA: - Rate: - Time: 0.28s Extracted: -  1830 inferred facts across 599 concepts, 243 files updated

[12:39:48] Change detected, re-running reasoning...
🔄 Semantica is reasoning: Starting semi-naive fixpoint evaluation 🤔 reasoning DatalogReasoner |░░░░░░░░░░░░░░░| 0.0% ETA: - Rate: - Time: 0.00s Extracted: -✅ Semantica is reasoning: Fixpoint reached in 6 iterations. 2138 new facts derived. 🤔 reasoning DatalogReasoner |███████████████| 100.0% ETA: - Rate: - Time: 0.28s Extracted: -  1830 inferred facts across 599 concepts, 243 files updated

[12:39:54] Change detected, re-running reasoning...
🔄 Semantica is reasoning: Starting semi-naive fixpoint evaluation 🤔 reasoning DatalogReasoner |░░░░░░░░░░░░░░░| 0.0% ETA: - Rate: - Time: 0.00s Extracted: -✅ Semantica is reasoning: Fixpoint reached in 6 iterations. 2138 new facts derived. 🤔 reasoning DatalogReasoner |███████████████| 100.0% ETA: - Rate: - Time: 0.29s Extracted: -  1830 inferred facts across 599 concepts, 243 files updated

[12:40:00] Change detected, re-running reasoning...
🔄 Semantica is reasoning: Starting semi-naive fixpoint evaluation 🤔 reasoning DatalogReasoner |░░░░░░░░░░░░░░░| 0.0% ETA: - Rate: - Time: 0.00s Extracted: -✅ Semantica is reasoning: Fixpoint reached in 6 iterations. 2138 new facts derived. 🤔 reasoning DatalogReasoner |███████████████| 100.0% ETA: - Rate: - Time: 0.28s Extracted: -  1830 inferred facts across 599 concepts, 243 files updated

[12:40:07] Change detected, re-running reasoning...
🔄 Semantica is reasoning: Starting semi-naive fixpoint evaluation 🤔 reasoning DatalogReasoner |░░░░░░░░░░░░░░░| 0.0% ETA: - Rate: - Time: 0.00s Extracted: -✅ Semantica is reasoning: Fixpoint reached in 6 iterations. 2112 new facts derived. 🤔 reasoning DatalogReasoner |███████████████| 100.0% ETA: - Rate: - Time: 0.27s Extracted: -  1805 inferred facts across 596 concepts, 241 files updated

[12:40:14] Change detected, re-running reasoning...
🔄 Semantica is reasoning: Starting semi-naive fixpoint evaluation 🤔 reasoning DatalogReasoner |░░░░░░░░░░░░░░░| 0.0% ETA: - Rate: - Time: 0.00s Extracted: -✅ Semantica is reasoning: Fixpoint reached in 6 iterations. 2112 new facts derived. 🤔 reasoning DatalogReasoner |███████████████| 100.0% ETA: - Rate: - Time: 0.28s Extracted: -  1805 inferred facts across 596 concepts, 241 files updated

[12:40:21] Change detected, re-running reasoning...
🔄 Semantica is reasoning: Starting semi-naive fixpoint evaluation 🤔 reasoning DatalogReasoner |░░░░░░░░░░░░░░░| 0.0% ETA: - Rate: - Time: 0.00s Extracted: -✅ Semantica is reasoning: Fixpoint reached in 6 iterations. 2112 new facts derived. 🤔 reasoning DatalogReasoner |███████████████| 100.0% ETA: - Rate: - Time: 0.28s Extracted: -  1805 inferred facts across 596 concepts, 241 files updated

[12:40:27] Change detected, re-running reasoning...
🔄 Semantica is reasoning: Starting semi-naive fixpoint evaluation 🤔 reasoning DatalogReasoner |░░░░░░░░░░░░░░░| 0.0% ETA: - Rate: - Time: 0.00s Extracted: -✅ Semantica is reasoning: Fixpoint reached in 6 iterations. 2112 new facts derived. 🤔 reasoning DatalogReasoner |███████████████| 100.0% ETA: - Rate: - Time: 0.28s Extracted: -  1805 inferred facts across 596 concepts, 241 files updated

[12:40:34] Change detected, re-running reasoning...
🔄 Semantica is reasoning: Starting semi-naive fixpoint evaluation 🤔 reasoning DatalogReasoner |░░░░░░░░░░░░░░░| 0.0% ETA: - Rate: - Time: 0.00s Extracted: -✅ Semantica is reasoning: Fixpoint reached in 6 iterations. 2112 new facts derived. 🤔 reasoning DatalogReasoner |███████████████| 100.0% ETA: - Rate: - Time: 0.27s Extracted: -  1805 inferred facts across 596 concepts, 241 files updated

[12:40:40] Change detected, re-running reasoning...
🔄 Semantica is reasoning: Starting semi-naive fixpoint evaluation 🤔 reasoning DatalogReasoner |░░░░░░░░░░░░░░░| 0.0% ETA: - Rate: - Time: 0.00s Extracted: -✅ Semantica is reasoning: Fixpoint reached in 6 iterations. 2112 new facts derived. 🤔 reasoning DatalogReasoner |███████████████| 100.0% ETA: - Rate: - Time: 0.27s Extracted: -  1805 inferred facts across 596 concepts, 241 files updated

[12:40:47] Change detected, re-running reasoning...
🔄 Semantica is reasoning: Starting semi-naive fixpoint evaluation 🤔 reasoning DatalogReasoner |░░░░░░░░░░░░░░░| 0.0% ETA: - Rate: - Time: 0.00s Extracted: -✅ Semantica is reasoning: Fixpoint reached in 6 iterations. 2112 new facts derived. 🤔 reasoning DatalogReasoner |███████████████| 100.0% ETA: - Rate: - Time: 0.27s Extracted: -  1805 inferred facts across 596 concepts, 241 files updated

[12:40:54] Change detected, re-running reasoning...
🔄 Semantica is reasoning: Starting semi-naive fixpoint evaluation 🤔 reasoning DatalogReasoner |░░░░░░░░░░░░░░░| 0.0% ETA: - Rate: - Time: 0.00s Extracted: -✅ Semantica is reasoning: Fixpoint reached in 6 iterations. 2112 new facts derived. 🤔 reasoning DatalogReasoner |███████████████| 100.0% ETA: - Rate: - Time: 0.27s Extracted: -  1805 inferred facts across 596 concepts, 241 files updated

[12:41:01] Change detected, re-running reasoning...
🔄 Semantica is reasoning: Starting semi-naive fixpoint evaluation 🤔 reasoning DatalogReasoner |░░░░░░░░░░░░░░░| 0.0% ETA: - Rate: - Time: 0.00s Extracted: -✅ Semantica is reasoning: Fixpoint reached in 6 iterations. 2112 new facts derived. 🤔 reasoning DatalogReasoner |███████████████| 100.0% ETA: - Rate: - Time: 0.27s Extracted: -  1805 inferred facts across 596 concepts, 241 files updated

[12:41:08] Change detected, re-running reasoning...
🔄 Semantica is reasoning: Starting semi-naive fixpoint evaluation 🤔 reasoning DatalogReasoner |░░░░░░░░░░░░░░░| 0.0% ETA: - Rate: - Time: 0.00s Extracted: -✅ Semantica is reasoning: Fixpoint reached in 6 iterations. 2112 new facts derived. 🤔 reasoning DatalogReasoner |███████████████| 100.0% ETA: - Rate: - Time: 0.28s Extracted: -  1805 inferred facts across 596 concepts, 241 files updated

[12:41:15] Change detected, re-running reasoning...
🔄 Semantica is reasoning: Starting semi-naive fixpoint evaluation 🤔 reasoning DatalogReasoner |░░░░░░░░░░░░░░░| 0.0% ETA: - Rate: - Time: 0.00s Extracted: -✅ Semantica is reasoning: Fixpoint reached in 6 iterations. 2112 new facts derived. 🤔 reasoning DatalogReasoner |███████████████| 100.0% ETA: - Rate: - Time: 0.28s Extracted: -  1805 inferred facts across 596 concepts, 241 files updated

[12:41:21] Change detected, re-running reasoning...
🔄 Semantica is reasoning: Starting semi-naive fixpoint evaluation 🤔 reasoning DatalogReasoner |░░░░░░░░░░░░░░░| 0.0% ETA: - Rate: - Time: 0.00s Extracted: -✅ Semantica is reasoning: Fixpoint reached in 6 iterations. 2112 new facts derived. 🤔 reasoning DatalogReasoner |███████████████| 100.0% ETA: - Rate: - Time: 0.36s Extracted: -  1805 inferred facts across 596 concepts, 241 files updated

[12:41:27] Change detected, re-running reasoning...
🔄 Semantica is reasoning: Starting semi-naive fixpoint evaluation 🤔 reasoning DatalogReasoner |░░░░░░░░░░░░░░░| 0.0% ETA: - Rate: - Time: 0.00s Extracted: -✅ Semantica is reasoning: Fixpoint reached in 6 iterations. 2112 new facts derived. 🤔 reasoning DatalogReasoner |███████████████| 100.0% ETA: - Rate: - Time: 0.27s Extracted: -  1805 inferred facts across 596 concepts, 241 files updated

[12:41:34] Change detected, re-running reasoning...
🔄 Semantica is reasoning: Starting semi-naive fixpoint evaluation 🤔 reasoning DatalogReasoner |░░░░░░░░░░░░░░░| 0.0% ETA: - Rate: - Time: 0.00s Extracted: -✅ Semantica is reasoning: Fixpoint reached in 6 iterations. 2112 new facts derived. 🤔 reasoning DatalogReasoner |███████████████| 100.0% ETA: - Rate: - Time: 0.27s Extracted: -  1805 inferred facts across 596 concepts, 241 files updated

[12:41:40] Change detected, re-running reasoning...
🔄 Semantica is reasoning: Starting semi-naive fixpoint evaluation 🤔 reasoning DatalogReasoner |░░░░░░░░░░░░░░░| 0.0% ETA: - Rate: - Time: 0.00s Extracted: -✅ Semantica is reasoning: Fixpoint reached in 6 iterations. 2061 new facts derived. 🤔 reasoning DatalogReasoner |███████████████| 100.0% ETA: - Rate: - Time: 0.26s Extracted: -  1761 inferred facts across 571 concepts, 230 files updated

[12:41:46] Change detected, re-running reasoning...
🔄 Semantica is reasoning: Starting semi-naive fixpoint evaluation 🤔 reasoning DatalogReasoner |░░░░░░░░░░░░░░░| 0.0% ETA: - Rate: - Time: 0.00s Extracted: -✅ Semantica is reasoning: Fixpoint reached in 6 iterations. 2061 new facts derived. 🤔 reasoning DatalogReasoner |███████████████| 100.0% ETA: - Rate: - Time: 0.26s Extracted: -  1761 inferred facts across 571 concepts, 219 files updated

[12:41:52] Change detected, re-running reasoning...
🔄 Semantica is reasoning: Starting semi-naive fixpoint evaluation 🤔 reasoning DatalogReasoner |░░░░░░░░░░░░░░░| 0.0% ETA: - Rate: - Time: 0.00s Extracted: -✅ Semantica is reasoning: Fixpoint reached in 6 iterations. 2061 new facts derived. 🤔 reasoning DatalogReasoner |███████████████| 100.0% ETA: - Rate: - Time: 0.26s Extracted: -  1761 inferred facts across 571 concepts, 219 files updated

[12:42:00] Change detected, re-running reasoning...
🔄 Semantica is reasoning: Starting semi-naive fixpoint evaluation 🤔 reasoning DatalogReasoner |░░░░░░░░░░░░░░░| 0.0% ETA: - Rate: - Time: 0.00s Extracted: -✅ Semantica is reasoning: Fixpoint reached in 6 iterations. 2061 new facts derived. 🤔 reasoning DatalogReasoner |███████████████| 100.0% ETA: - Rate: - Time: 0.26s Extracted: -  1761 inferred facts across 571 concepts, 219 files updated

[12:42:06] Change detected, re-running reasoning...
🔄 Semantica is reasoning: Starting semi-naive fixpoint evaluation 🤔 reasoning DatalogReasoner |░░░░░░░░░░░░░░░| 0.0% ETA: - Rate: - Time: 0.00s Extracted: -✅ Semantica is reasoning: Fixpoint reached in 6 iterations. 2061 new facts derived. 🤔 reasoning DatalogReasoner |███████████████| 100.0% ETA: - Rate: - Time: 0.25s Extracted: -  1761 inferred facts across 571 concepts, 219 files updated

[12:42:13] Change detected, re-running reasoning...
🔄 Semantica is reasoning: Starting semi-naive fixpoint evaluation 🤔 reasoning DatalogReasoner |░░░░░░░░░░░░░░░| 0.0% ETA: - Rate: - Time: 0.00s Extracted: -✅ Semantica is reasoning: Fixpoint reached in 6 iterations. 2061 new facts derived. 🤔 reasoning DatalogReasoner |███████████████| 100.0% ETA: - Rate: - Time: 0.26s Extracted: -  1761 inferred facts across 571 concepts, 219 files updated

[12:42:20] Change detected, re-running reasoning...
🔄 Semantica is reasoning: Starting semi-naive fixpoint evaluation 🤔 reasoning DatalogReasoner |░░░░░░░░░░░░░░░| 0.0% ETA: - Rate: - Time: 0.00s Extracted: -✅ Semantica is reasoning: Fixpoint reached in 6 iterations. 2061 new facts derived. 🤔 reasoning DatalogReasoner |███████████████| 100.0% ETA: - Rate: - Time: 0.28s Extracted: -  1761 inferred facts across 571 concepts, 219 files updated

[12:42:26] Change detected, re-running reasoning...
🔄 Semantica is reasoning: Starting semi-naive fixpoint evaluation 🤔 reasoning DatalogReasoner |░░░░░░░░░░░░░░░| 0.0% ETA: - Rate: - Time: 0.00s Extracted: -✅ Semantica is reasoning: Fixpoint reached in 6 iterations. 2061 new facts derived. 🤔 reasoning DatalogReasoner |███████████████| 100.0% ETA: - Rate: - Time: 0.26s Extracted: -  1761 inferred facts across 571 concepts, 219 files updated

[12:42:33] Change detected, re-running reasoning...
🔄 Semantica is reasoning: Starting semi-naive fixpoint evaluation 🤔 reasoning DatalogReasoner |░░░░░░░░░░░░░░░| 0.0% ETA: - Rate: - Time: 0.00s Extracted: -✅ Semantica is reasoning: Fixpoint reached in 6 iterations. 2061 new facts derived. 🤔 reasoning DatalogReasoner |███████████████| 100.0% ETA: - Rate: - Time: 0.26s Extracted: -  1761 inferred facts across 571 concepts, 219 files updated

[12:42:39] Change detected, re-running reasoning...
🔄 Semantica is reasoning: Starting semi-naive fixpoint evaluation 🤔 reasoning DatalogReasoner |░░░░░░░░░░░░░░░| 0.0% ETA: - Rate: - Time: 0.00s Extracted: -✅ Semantica is reasoning: Fixpoint reached in 6 iterations. 2061 new facts derived. 🤔 reasoning DatalogReasoner |███████████████| 100.0% ETA: - Rate: - Time: 0.25s Extracted: -  1761 inferred facts across 571 concepts, 219 files updated

[12:42:45] Change detected, re-running reasoning...
🔄 Semantica is reasoning: Starting semi-naive fixpoint evaluation 🤔 reasoning DatalogReasoner |░░░░░░░░░░░░░░░| 0.0% ETA: - Rate: - Time: 0.00s Extracted: -✅ Semantica is reasoning: Fixpoint reached in 6 iterations. 2061 new facts derived. 🤔 reasoning DatalogReasoner |███████████████| 100.0% ETA: - Rate: - Time: 0.26s Extracted: -  1761 inferred facts across 571 concepts, 219 files updated

[12:42:52] Change detected, re-running reasoning...
🔄 Semantica is reasoning: Starting semi-naive fixpoint evaluation 🤔 reasoning DatalogReasoner |░░░░░░░░░░░░░░░| 0.0% ETA: - Rate: - Time: 0.00s Extracted: -✅ Semantica is reasoning: Fixpoint reached in 6 iterations. 2061 new facts derived. 🤔 reasoning DatalogReasoner |███████████████| 100.0% ETA: - Rate: - Time: 0.26s Extracted: -  1761 inferred facts across 571 concepts, 219 files updated

[12:42:58] Change detected, re-running reasoning...
🔄 Semantica is reasoning: Starting semi-naive fixpoint evaluation 🤔 reasoning DatalogReasoner |░░░░░░░░░░░░░░░| 0.0% ETA: - Rate: - Time: 0.00s Extracted: -✅ Semantica is reasoning: Fixpoint reached in 6 iterations. 2061 new facts derived. 🤔 reasoning DatalogReasoner |███████████████| 100.0% ETA: - Rate: - Time: 0.31s Extracted: -  1761 inferred facts across 571 concepts, 219 files updated

[12:43:04] Change detected, re-running reasoning...
🔄 Semantica is reasoning: Starting semi-naive fixpoint evaluation 🤔 reasoning DatalogReasoner |░░░░░░░░░░░░░░░| 0.0% ETA: - Rate: - Time: 0.00s Extracted: -✅ Semantica is reasoning: Fixpoint reached in 6 iterations. 2061 new facts derived. 🤔 reasoning DatalogReasoner |███████████████| 100.0% ETA: - Rate: - Time: 0.26s Extracted: -  1761 inferred facts across 571 concepts, 219 files updated

[12:43:12] Change detected, re-running reasoning...
🔄 Semantica is reasoning: Starting semi-naive fixpoint evaluation 🤔 reasoning DatalogReasoner |░░░░░░░░░░░░░░░| 0.0% ETA: - Rate: - Time: 0.00s Extracted: -✅ Semantica is reasoning: Fixpoint reached in 6 iterations. 2061 new facts derived. 🤔 reasoning DatalogReasoner |███████████████| 100.0% ETA: - Rate: - Time: 0.25s Extracted: -  1761 inferred facts across 571 concepts, 219 files updated

[12:43:21] Change detected, re-running reasoning...
🔄 Semantica is reasoning: Starting semi-naive fixpoint evaluation 🤔 reasoning DatalogReasoner |░░░░░░░░░░░░░░░| 0.0% ETA: - Rate: - Time: 0.00s Extracted: -✅ Semantica is reasoning: Fixpoint reached in 6 iterations. 2061 new facts derived. 🤔 reasoning DatalogReasoner |███████████████| 100.0% ETA: - Rate: - Time: 0.25s Extracted: -  1761 inferred facts across 571 concepts, 219 files updated

[12:43:29] Change detected, re-running reasoning...
🔄 Semantica is reasoning: Starting semi-naive fixpoint evaluation 🤔 reasoning DatalogReasoner |░░░░░░░░░░░░░░░| 0.0% ETA: - Rate: - Time: 0.00s Extracted: -✅ Semantica is reasoning: Fixpoint reached in 6 iterations. 2061 new facts derived. 🤔 reasoning DatalogReasoner |███████████████| 100.0% ETA: - Rate: - Time: 0.26s Extracted: -  1761 inferred facts across 571 concepts, 219 files updated

[12:43:36] Change detected, re-running reasoning...
🔄 Semantica is reasoning: Starting semi-naive fixpoint evaluation 🤔 reasoning DatalogReasoner |░░░░░░░░░░░░░░░| 0.0% ETA: - Rate: - Time: 0.00s Extracted: -✅ Semantica is reasoning: Fixpoint reached in 6 iterations. 2061 new facts derived. 🤔 reasoning DatalogReasoner |███████████████| 100.0% ETA: - Rate: - Time: 0.26s Extracted: -  1761 inferred facts across 571 concepts, 219 files updated

[12:43:43] Change detected, re-running reasoning...
🔄 Semantica is reasoning: Starting semi-naive fixpoint evaluation 🤔 reasoning DatalogReasoner |░░░░░░░░░░░░░░░| 0.0% ETA: - Rate: - Time: 0.00s Extracted: -✅ Semantica is reasoning: Fixpoint reached in 6 iterations. 2061 new facts derived. 🤔 reasoning DatalogReasoner |███████████████| 100.0% ETA: - Rate: - Time: 0.31s Extracted: -  1761 inferred facts across 571 concepts, 219 files updated

[12:43:50] Change detected, re-running reasoning...
🔄 Semantica is reasoning: Starting semi-naive fixpoint evaluation 🤔 reasoning DatalogReasoner |░░░░░░░░░░░░░░░| 0.0% ETA: - Rate: - Time: 0.00s Extracted: -✅ Semantica is reasoning: Fixpoint reached in 6 iterations. 2061 new facts derived. 🤔 reasoning DatalogReasoner |███████████████| 100.0% ETA: - Rate: - Time: 0.27s Extracted: -  1761 inferred facts across 571 concepts, 219 files updated

[12:43:56] Change detected, re-running reasoning...
🔄 Semantica is reasoning: Starting semi-naive fixpoint evaluation 🤔 reasoning DatalogReasoner |░░░░░░░░░░░░░░░| 0.0% ETA: - Rate: - Time: 0.00s Extracted: -✅ Semantica is reasoning: Fixpoint reached in 6 iterations. 2061 new facts derived. 🤔 reasoning DatalogReasoner |███████████████| 100.0% ETA: - Rate: - Time: 0.25s Extracted: -  1761 inferred facts across 571 concepts, 219 files updated

[12:44:03] Change detected, re-running reasoning...
🔄 Semantica is reasoning: Starting semi-naive fixpoint evaluation 🤔 reasoning DatalogReasoner |░░░░░░░░░░░░░░░| 0.0% ETA: - Rate: - Time: 0.00s Extracted: -✅ Semantica is reasoning: Fixpoint reached in 6 iterations. 2061 new facts derived. 🤔 reasoning DatalogReasoner |███████████████| 100.0% ETA: - Rate: - Time: 0.26s Extracted: -  1761 inferred facts across 571 concepts, 219 files updated

[12:44:09] Change detected, re-running reasoning...
🔄 Semantica is reasoning: Starting semi-naive fixpoint evaluation 🤔 reasoning DatalogReasoner |░░░░░░░░░░░░░░░| 0.0% ETA: - Rate: - Time: 0.00s Extracted: -✅ Semantica is reasoning: Fixpoint reached in 6 iterations. 2061 new facts derived. 🤔 reasoning DatalogReasoner |███████████████| 100.0% ETA: - Rate: - Time: 0.26s Extracted: -  1761 inferred facts across 571 concepts, 219 files updated

[12:44:17] Change detected, re-running reasoning...
🔄 Semantica is reasoning: Starting semi-naive fixpoint evaluation 🤔 reasoning DatalogReasoner |░░░░░░░░░░░░░░░| 0.0% ETA: - Rate: - Time: 0.00s Extracted: -✅ Semantica is reasoning: Fixpoint reached in 6 iterations. 2061 new facts derived. 🤔 reasoning DatalogReasoner |███████████████| 100.0% ETA: - Rate: - Time: 0.25s Extracted: -  1761 inferred facts across 571 concepts, 219 files updated

[12:44:23] Change detected, re-running reasoning...
🔄 Semantica is reasoning: Starting semi-naive fixpoint evaluation 🤔 reasoning DatalogReasoner |░░░░░░░░░░░░░░░| 0.0% ETA: - Rate: - Time: 0.00s Extracted: -✅ Semantica is reasoning: Fixpoint reached in 6 iterations. 2061 new facts derived. 🤔 reasoning DatalogReasoner |███████████████| 100.0% ETA: - Rate: - Time: 0.26s Extracted: -  1761 inferred facts across 571 concepts, 219 files updated

[12:44:30] Change detected, re-running reasoning...
🔄 Semantica is reasoning: Starting semi-naive fixpoint evaluation 🤔 reasoning DatalogReasoner |░░░░░░░░░░░░░░░| 0.0% ETA: - Rate: - Time: 0.00s Extracted: -✅ Semantica is reasoning: Fixpoint reached in 6 iterations. 2061 new facts derived. 🤔 reasoning DatalogReasoner |███████████████| 100.0% ETA: - Rate: - Time: 0.26s Extracted: -  1761 inferred facts across 571 concepts, 219 files updated

[12:44:36] Change detected, re-running reasoning...
🔄 Semantica is reasoning: Starting semi-naive fixpoint evaluation 🤔 reasoning DatalogReasoner |░░░░░░░░░░░░░░░| 0.0% ETA: - Rate: - Time: 0.00s Extracted: -✅ Semantica is reasoning: Fixpoint reached in 6 iterations. 2061 new facts derived. 🤔 reasoning DatalogReasoner |███████████████| 100.0% ETA: - Rate: - Time: 0.26s Extracted: -  1761 inferred facts across 571 concepts, 219 files updated

[12:44:42] Change detected, re-running reasoning...
🔄 Semantica is reasoning: Starting semi-naive fixpoint evaluation 🤔 reasoning DatalogReasoner |░░░░░░░░░░░░░░░| 0.0% ETA: - Rate: - Time: 0.00s Extracted: -✅ Semantica is reasoning: Fixpoint reached in 6 iterations. 2061 new facts derived. 🤔 reasoning DatalogReasoner |███████████████| 100.0% ETA: - Rate: - Time: 0.26s Extracted: -  1761 inferred facts across 571 concepts, 219 files updated

[12:44:49] Change detected, re-running reasoning...
🔄 Semantica is reasoning: Starting semi-naive fixpoint evaluation 🤔 reasoning DatalogReasoner |░░░░░░░░░░░░░░░| 0.0% ETA: - Rate: - Time: 0.00s Extracted: -✅ Semantica is reasoning: Fixpoint reached in 6 iterations. 2061 new facts derived. 🤔 reasoning DatalogReasoner |███████████████| 100.0% ETA: - Rate: - Time: 0.26s Extracted: -  1761 inferred facts across 571 concepts, 219 files updated

[12:44:56] Change detected, re-running reasoning...
🔄 Semantica is reasoning: Starting semi-naive fixpoint evaluation 🤔 reasoning DatalogReasoner |░░░░░░░░░░░░░░░| 0.0% ETA: - Rate: - Time: 0.00s Extracted: -✅ Semantica is reasoning: Fixpoint reached in 6 iterations. 2061 new facts derived. 🤔 reasoning DatalogReasoner |███████████████| 100.0% ETA: - Rate: - Time: 0.28s Extracted: -  1761 inferred facts across 571 concepts, 219 files updated

[12:45:03] Change detected, re-running reasoning...
🔄 Semantica is reasoning: Starting semi-naive fixpoint evaluation 🤔 reasoning DatalogReasoner |░░░░░░░░░░░░░░░| 0.0% ETA: - Rate: - Time: 0.00s Extracted: -✅ Semantica is reasoning: Fixpoint reached in 6 iterations. 2061 new facts derived. 🤔 reasoning DatalogReasoner |███████████████| 100.0% ETA: - Rate: - Time: 0.26s Extracted: -  1761 inferred facts across 571 concepts, 219 files updated

[12:45:10] Change detected, re-running reasoning...
🔄 Semantica is reasoning: Starting semi-naive fixpoint evaluation 🤔 reasoning DatalogReasoner |░░░░░░░░░░░░░░░| 0.0% ETA: - Rate: - Time: 0.00s Extracted: -✅ Semantica is reasoning: Fixpoint reached in 6 iterations. 2061 new facts derived. 🤔 reasoning DatalogReasoner |███████████████| 100.0% ETA: - Rate: - Time: 0.26s Extracted: -  1761 inferred facts across 571 concepts, 219 files updated

[12:45:16] Change detected, re-running reasoning...
🔄 Semantica is reasoning: Starting semi-naive fixpoint evaluation 🤔 reasoning DatalogReasoner |░░░░░░░░░░░░░░░| 0.0% ETA: - Rate: - Time: 0.00s Extracted: -✅ Semantica is reasoning: Fixpoint reached in 6 iterations. 2061 new facts derived. 🤔 reasoning DatalogReasoner |███████████████| 100.0% ETA: - Rate: - Time: 0.25s Extracted: -  1761 inferred facts across 571 concepts, 219 files updated

[12:45:23] Change detected, re-running reasoning...
🔄 Semantica is reasoning: Starting semi-naive fixpoint evaluation 🤔 reasoning DatalogReasoner |░░░░░░░░░░░░░░░| 0.0% ETA: - Rate: - Time: 0.00s Extracted: -✅ Semantica is reasoning: Fixpoint reached in 6 iterations. 2061 new facts derived. 🤔 reasoning DatalogReasoner |███████████████| 100.0% ETA: - Rate: - Time: 0.26s Extracted: -  1761 inferred facts across 571 concepts, 219 files updated

[12:45:29] Change detected, re-running reasoning...
🔄 Semantica is reasoning: Starting semi-naive fixpoint evaluation 🤔 reasoning DatalogReasoner |░░░░░░░░░░░░░░░| 0.0% ETA: - Rate: - Time: 0.00s Extracted: -✅ Semantica is reasoning: Fixpoint reached in 6 iterations. 2061 new facts derived. 🤔 reasoning DatalogReasoner |███████████████| 100.0% ETA: - Rate: - Time: 0.25s Extracted: -  1761 inferred facts across 571 concepts, 219 files updated

[12:45:36] Change detected, re-running reasoning...
🔄 Semantica is reasoning: Starting semi-naive fixpoint evaluation 🤔 reasoning DatalogReasoner |░░░░░░░░░░░░░░░| 0.0% ETA: - Rate: - Time: 0.00s Extracted: -✅ Semantica is reasoning: Fixpoint reached in 6 iterations. 2061 new facts derived. 🤔 reasoning DatalogReasoner |███████████████| 100.0% ETA: - Rate: - Time: 0.26s Extracted: -  1761 inferred facts across 571 concepts, 219 files updated

[12:45:43] Change detected, re-running reasoning...
🔄 Semantica is reasoning: Starting semi-naive fixpoint evaluation 🤔 reasoning DatalogReasoner |░░░░░░░░░░░░░░░| 0.0% ETA: - Rate: - Time: 0.00s Extracted: -✅ Semantica is reasoning: Fixpoint reached in 6 iterations. 2061 new facts derived. 🤔 reasoning DatalogReasoner |███████████████| 100.0% ETA: - Rate: - Time: 0.26s Extracted: -  1761 inferred facts across 571 concepts, 219 files updated

[12:45:50] Change detected, re-running reasoning...
🔄 Semantica is reasoning: Starting semi-naive fixpoint evaluation 🤔 reasoning DatalogReasoner |░░░░░░░░░░░░░░░| 0.0% ETA: - Rate: - Time: 0.00s Extracted: -✅ Semantica is reasoning: Fixpoint reached in 6 iterations. 2061 new facts derived. 🤔 reasoning DatalogReasoner |███████████████| 100.0% ETA: - Rate: - Time: 0.25s Extracted: -  1761 inferred facts across 571 concepts, 219 files updated

[12:45:57] Change detected, re-running reasoning...
🔄 Semantica is reasoning: Starting semi-naive fixpoint evaluation 🤔 reasoning DatalogReasoner |░░░░░░░░░░░░░░░| 0.0% ETA: - Rate: - Time: 0.00s Extracted: -✅ Semantica is reasoning: Fixpoint reached in 6 iterations. 2061 new facts derived. 🤔 reasoning DatalogReasoner |███████████████| 100.0% ETA: - Rate: - Time: 0.26s Extracted: -  1761 inferred facts across 571 concepts, 219 files updated

[12:46:04] Change detected, re-running reasoning...
🔄 Semantica is reasoning: Starting semi-naive fixpoint evaluation 🤔 reasoning DatalogReasoner |░░░░░░░░░░░░░░░| 0.0% ETA: - Rate: - Time: 0.00s Extracted: -✅ Semantica is reasoning: Fixpoint reached in 6 iterations. 2061 new facts derived. 🤔 reasoning DatalogReasoner |███████████████| 100.0% ETA: - Rate: - Time: 0.26s Extracted: -  1761 inferred facts across 571 concepts, 219 files updated

[12:46:11] Change detected, re-running reasoning...
🔄 Semantica is reasoning: Starting semi-naive fixpoint evaluation 🤔 reasoning DatalogReasoner |░░░░░░░░░░░░░░░| 0.0% ETA: - Rate: - Time: 0.00s Extracted: -✅ Semantica is reasoning: Fixpoint reached in 6 iterations. 2061 new facts derived. 🤔 reasoning DatalogReasoner |███████████████| 100.0% ETA: - Rate: - Time: 0.25s Extracted: -  1761 inferred facts across 571 concepts, 219 files updated

[12:46:18] Change detected, re-running reasoning...
🔄 Semantica is reasoning: Starting semi-naive fixpoint evaluation 🤔 reasoning DatalogReasoner |░░░░░░░░░░░░░░░| 0.0% ETA: - Rate: - Time: 0.00s Extracted: -✅ Semantica is reasoning: Fixpoint reached in 6 iterations. 2061 new facts derived. 🤔 reasoning DatalogReasoner |███████████████| 100.0% ETA: - Rate: - Time: 0.26s Extracted: -  1761 inferred facts across 571 concepts, 219 files updated

[12:46:24] Change detected, re-running reasoning...
🔄 Semantica is reasoning: Starting semi-naive fixpoint evaluation 🤔 reasoning DatalogReasoner |░░░░░░░░░░░░░░░| 0.0% ETA: - Rate: - Time: 0.00s Extracted: -✅ Semantica is reasoning: Fixpoint reached in 6 iterations. 2061 new facts derived. 🤔 reasoning DatalogReasoner |███████████████| 100.0% ETA: - Rate: - Time: 0.25s Extracted: -  1761 inferred facts across 571 concepts, 219 files updated

[12:46:32] Change detected, re-running reasoning...
🔄 Semantica is reasoning: Starting semi-naive fixpoint evaluation 🤔 reasoning DatalogReasoner |░░░░░░░░░░░░░░░| 0.0% ETA: - Rate: - Time: 0.00s Extracted: -✅ Semantica is reasoning: Fixpoint reached in 6 iterations. 2061 new facts derived. 🤔 reasoning DatalogReasoner |███████████████| 100.0% ETA: - Rate: - Time: 0.26s Extracted: -  1761 inferred facts across 571 concepts, 219 files updated

[12:46:40] Change detected, re-running reasoning...
🔄 Semantica is reasoning: Starting semi-naive fixpoint evaluation 🤔 reasoning DatalogReasoner |░░░░░░░░░░░░░░░| 0.0% ETA: - Rate: - Time: 0.00s Extracted: -✅ Semantica is reasoning: Fixpoint reached in 6 iterations. 2061 new facts derived. 🤔 reasoning DatalogReasoner |███████████████| 100.0% ETA: - Rate: - Time: 0.26s Extracted: -  1761 inferred facts across 571 concepts, 219 files updated

[12:46:48] Change detected, re-running reasoning...
🔄 Semantica is reasoning: Starting semi-naive fixpoint evaluation 🤔 reasoning DatalogReasoner |░░░░░░░░░░░░░░░| 0.0% ETA: - Rate: - Time: 0.00s Extracted: -✅ Semantica is reasoning: Fixpoint reached in 6 iterations. 2061 new facts derived. 🤔 reasoning DatalogReasoner |███████████████| 100.0% ETA: - Rate: - Time: 0.27s Extracted: -  1761 inferred facts across 571 concepts, 219 files updated

[12:46:54] Change detected, re-running reasoning...
🔄 Semantica is reasoning: Starting semi-naive fixpoint evaluation 🤔 reasoning DatalogReasoner |░░░░░░░░░░░░░░░| 0.0% ETA: - Rate: - Time: 0.00s Extracted: -✅ Semantica is reasoning: Fixpoint reached in 6 iterations. 2061 new facts derived. 🤔 reasoning DatalogReasoner |███████████████| 100.0% ETA: - Rate: - Time: 0.26s Extracted: -  1761 inferred facts across 571 concepts, 219 files updated

[12:47:01] Change detected, re-running reasoning...
🔄 Semantica is reasoning: Starting semi-naive fixpoint evaluation 🤔 reasoning DatalogReasoner |░░░░░░░░░░░░░░░| 0.0% ETA: - Rate: - Time: 0.00s Extracted: -✅ Semantica is reasoning: Fixpoint reached in 6 iterations. 2061 new facts derived. 🤔 reasoning DatalogReasoner |███████████████| 100.0% ETA: - Rate: - Time: 0.26s Extracted: -  1761 inferred facts across 571 concepts, 219 files updated

[12:47:10] Change detected, re-running reasoning...
🔄 Semantica is reasoning: Starting semi-naive fixpoint evaluation 🤔 reasoning DatalogReasoner |░░░░░░░░░░░░░░░| 0.0% ETA: - Rate: - Time: 0.00s Extracted: -✅ Semantica is reasoning: Fixpoint reached in 6 iterations. 2061 new facts derived. 🤔 reasoning DatalogReasoner |███████████████| 100.0% ETA: - Rate: - Time: 0.26s Extracted: -  1761 inferred facts across 571 concepts, 219 files updated

[12:47:18] Change detected, re-running reasoning...
🔄 Semantica is reasoning: Starting semi-naive fixpoint evaluation 🤔 reasoning DatalogReasoner |░░░░░░░░░░░░░░░| 0.0% ETA: - Rate: - Time: 0.00s Extracted: -✅ Semantica is reasoning: Fixpoint reached in 6 iterations. 2061 new facts derived. 🤔 reasoning DatalogReasoner |███████████████| 100.0% ETA: - Rate: - Time: 0.26s Extracted: -  1761 inferred facts across 571 concepts, 219 files updated

[12:47:26] Change detected, re-running reasoning...
🔄 Semantica is reasoning: Starting semi-naive fixpoint evaluation 🤔 reasoning DatalogReasoner |░░░░░░░░░░░░░░░| 0.0% ETA: - Rate: - Time: 0.00s Extracted: -✅ Semantica is reasoning: Fixpoint reached in 6 iterations. 2061 new facts derived. 🤔 reasoning DatalogReasoner |███████████████| 100.0% ETA: - Rate: - Time: 0.25s Extracted: -  1761 inferred facts across 571 concepts, 219 files updated

[12:47:33] Change detected, re-running reasoning...
🔄 Semantica is reasoning: Starting semi-naive fixpoint evaluation 🤔 reasoning DatalogReasoner |░░░░░░░░░░░░░░░| 0.0% ETA: - Rate: - Time: 0.00s Extracted: -✅ Semantica is reasoning: Fixpoint reached in 6 iterations. 2061 new facts derived. 🤔 reasoning DatalogReasoner |███████████████| 100.0% ETA: - Rate: - Time: 0.26s Extracted: -  1761 inferred facts across 571 concepts, 219 files updated

[12:47:39] Change detected, re-running reasoning...
🔄 Semantica is reasoning: Starting semi-naive fixpoint evaluation 🤔 reasoning DatalogReasoner |░░░░░░░░░░░░░░░| 0.0% ETA: - Rate: - Time: 0.00s Extracted: -✅ Semantica is reasoning: Fixpoint reached in 6 iterations. 2061 new facts derived. 🤔 reasoning DatalogReasoner |███████████████| 100.0% ETA: - Rate: - Time: 0.26s Extracted: -  1761 inferred facts across 571 concepts, 219 files updated

[12:47:47] Change detected, re-running reasoning...
🔄 Semantica is reasoning: Starting semi-naive fixpoint evaluation 🤔 reasoning DatalogReasoner |░░░░░░░░░░░░░░░| 0.0% ETA: - Rate: - Time: 0.00s Extracted: -✅ Semantica is reasoning: Fixpoint reached in 6 iterations. 2061 new facts derived. 🤔 reasoning DatalogReasoner |███████████████| 100.0% ETA: - Rate: - Time: 0.26s Extracted: -  1761 inferred facts across 571 concepts, 219 files updated

[12:47:53] Change detected, re-running reasoning...
🔄 Semantica is reasoning: Starting semi-naive fixpoint evaluation 🤔 reasoning DatalogReasoner |░░░░░░░░░░░░░░░| 0.0% ETA: - Rate: - Time: 0.00s Extracted: -✅ Semantica is reasoning: Fixpoint reached in 6 iterations. 2061 new facts derived. 🤔 reasoning DatalogReasoner |███████████████| 100.0% ETA: - Rate: - Time: 0.26s Extracted: -  1761 inferred facts across 571 concepts, 219 files updated

[12:48:00] Change detected, re-running reasoning...
🔄 Semantica is reasoning: Starting semi-naive fixpoint evaluation 🤔 reasoning DatalogReasoner |░░░░░░░░░░░░░░░| 0.0% ETA: - Rate: - Time: 0.00s Extracted: -✅ Semantica is reasoning: Fixpoint reached in 6 iterations. 2061 new facts derived. 🤔 reasoning DatalogReasoner |███████████████| 100.0% ETA: - Rate: - Time: 0.26s Extracted: -  1761 inferred facts across 571 concepts, 219 files updated

[12:48:08] Change detected, re-running reasoning...
🔄 Semantica is reasoning: Starting semi-naive fixpoint evaluation 🤔 reasoning DatalogReasoner |░░░░░░░░░░░░░░░| 0.0% ETA: - Rate: - Time: 0.00s Extracted: -✅ Semantica is reasoning: Fixpoint reached in 6 iterations. 2061 new facts derived. 🤔 reasoning DatalogReasoner |███████████████| 100.0% ETA: - Rate: - Time: 0.25s Extracted: -  1761 inferred facts across 571 concepts, 219 files updated

[12:48:15] Change detected, re-running reasoning...
🔄 Semantica is reasoning: Starting semi-naive fixpoint evaluation 🤔 reasoning DatalogReasoner |░░░░░░░░░░░░░░░| 0.0% ETA: - Rate: - Time: 0.00s Extracted: -✅ Semantica is reasoning: Fixpoint reached in 6 iterations. 2061 new facts derived. 🤔 reasoning DatalogReasoner |███████████████| 100.0% ETA: - Rate: - Time: 0.26s Extracted: -  1761 inferred facts across 571 concepts, 219 files updated

[12:48:21] Change detected, re-running reasoning...
🔄 Semantica is reasoning: Starting semi-naive fixpoint evaluation 🤔 reasoning DatalogReasoner |░░░░░░░░░░░░░░░| 0.0% ETA: - Rate: - Time: 0.00s Extracted: -✅ Semantica is reasoning: Fixpoint reached in 6 iterations. 2061 new facts derived. 🤔 reasoning DatalogReasoner |███████████████| 100.0% ETA: - Rate: - Time: 0.26s Extracted: -  1761 inferred facts across 571 concepts, 219 files updated

[12:48:27] Change detected, re-running reasoning...
🔄 Semantica is reasoning: Starting semi-naive fixpoint evaluation 🤔 reasoning DatalogReasoner |░░░░░░░░░░░░░░░| 0.0% ETA: - Rate: - Time: 0.00s Extracted: -✅ Semantica is reasoning: Fixpoint reached in 6 iterations. 2061 new facts derived. 🤔 reasoning DatalogReasoner |███████████████| 100.0% ETA: - Rate: - Time: 0.26s Extracted: -  1761 inferred facts across 571 concepts, 219 files updated

[12:48:36] Change detected, re-running reasoning...
🔄 Semantica is reasoning: Starting semi-naive fixpoint evaluation 🤔 reasoning DatalogReasoner |░░░░░░░░░░░░░░░| 0.0% ETA: - Rate: - Time: 0.00s Extracted: -✅ Semantica is reasoning: Fixpoint reached in 6 iterations. 2061 new facts derived. 🤔 reasoning DatalogReasoner |███████████████| 100.0% ETA: - Rate: - Time: 0.26s Extracted: -  1761 inferred facts across 571 concepts, 219 files updated

[12:48:42] Change detected, re-running reasoning...
🔄 Semantica is reasoning: Starting semi-naive fixpoint evaluation 🤔 reasoning DatalogReasoner |░░░░░░░░░░░░░░░| 0.0% ETA: - Rate: - Time: 0.00s Extracted: -✅ Semantica is reasoning: Fixpoint reached in 6 iterations. 2061 new facts derived. 🤔 reasoning DatalogReasoner |███████████████| 100.0% ETA: - Rate: - Time: 0.26s Extracted: -  1761 inferred facts across 571 concepts, 219 files updated

[12:48:50] Change detected, re-running reasoning...
🔄 Semantica is reasoning: Starting semi-naive fixpoint evaluation 🤔 reasoning DatalogReasoner |░░░░░░░░░░░░░░░| 0.0% ETA: - Rate: - Time: 0.00s Extracted: -✅ Semantica is reasoning: Fixpoint reached in 6 iterations. 2061 new facts derived. 🤔 reasoning DatalogReasoner |███████████████| 100.0% ETA: - Rate: - Time: 0.26s Extracted: -  1761 inferred facts across 571 concepts, 219 files updated

[12:48:56] Change detected, re-running reasoning...
🔄 Semantica is reasoning: Starting semi-naive fixpoint evaluation 🤔 reasoning DatalogReasoner |░░░░░░░░░░░░░░░| 0.0% ETA: - Rate: - Time: 0.00s Extracted: -✅ Semantica is reasoning: Fixpoint reached in 6 iterations. 2061 new facts derived. 🤔 reasoning DatalogReasoner |███████████████| 100.0% ETA: - Rate: - Time: 0.26s Extracted: -  1761 inferred facts across 571 concepts, 219 files updated

[12:49:02] Change detected, re-running reasoning...
🔄 Semantica is reasoning: Starting semi-naive fixpoint evaluation 🤔 reasoning DatalogReasoner |░░░░░░░░░░░░░░░| 0.0% ETA: - Rate: - Time: 0.00s Extracted: -✅ Semantica is reasoning: Fixpoint reached in 6 iterations. 2061 new facts derived. 🤔 reasoning DatalogReasoner |███████████████| 100.0% ETA: - Rate: - Time: 0.25s Extracted: -  1761 inferred facts across 571 concepts, 219 files updated

[12:49:08] Change detected, re-running reasoning...
🔄 Semantica is reasoning: Starting semi-naive fixpoint evaluation 🤔 reasoning DatalogReasoner |░░░░░░░░░░░░░░░| 0.0% ETA: - Rate: - Time: 0.00s Extracted: -✅ Semantica is reasoning: Fixpoint reached in 6 iterations. 2061 new facts derived. 🤔 reasoning DatalogReasoner |███████████████| 100.0% ETA: - Rate: - Time: 0.26s Extracted: -  1761 inferred facts across 571 concepts, 219 files updated

[12:49:15] Change detected, re-running reasoning...
🔄 Semantica is reasoning: Starting semi-naive fixpoint evaluation 🤔 reasoning DatalogReasoner |░░░░░░░░░░░░░░░| 0.0% ETA: - Rate: - Time: 0.00s Extracted: -✅ Semantica is reasoning: Fixpoint reached in 6 iterations. 2061 new facts derived. 🤔 reasoning DatalogReasoner |███████████████| 100.0% ETA: - Rate: - Time: 0.26s Extracted: -  1761 inferred facts across 571 concepts, 219 files updated

[12:49:21] Change detected, re-running reasoning...
🔄 Semantica is reasoning: Starting semi-naive fixpoint evaluation 🤔 reasoning DatalogReasoner |░░░░░░░░░░░░░░░| 0.0% ETA: - Rate: - Time: 0.00s Extracted: -✅ Semantica is reasoning: Fixpoint reached in 6 iterations. 2061 new facts derived. 🤔 reasoning DatalogReasoner |███████████████| 100.0% ETA: - Rate: - Time: 0.26s Extracted: -  1761 inferred facts across 571 concepts, 219 files updated

[12:49:27] Change detected, re-running reasoning...
🔄 Semantica is reasoning: Starting semi-naive fixpoint evaluation 🤔 reasoning DatalogReasoner |░░░░░░░░░░░░░░░| 0.0% ETA: - Rate: - Time: 0.00s Extracted: -✅ Semantica is reasoning: Fixpoint reached in 6 iterations. 2061 new facts derived. 🤔 reasoning DatalogReasoner |███████████████| 100.0% ETA: - Rate: - Time: 0.26s Extracted: -  1761 inferred facts across 571 concepts, 219 files updated

[12:49:37] Change detected, re-running reasoning...
🔄 Semantica is reasoning: Starting semi-naive fixpoint evaluation 🤔 reasoning DatalogReasoner |░░░░░░░░░░░░░░░| 0.0% ETA: - Rate: - Time: 0.00s Extracted: -✅ Semantica is reasoning: Fixpoint reached in 6 iterations. 2061 new facts derived. 🤔 reasoning DatalogReasoner |███████████████| 100.0% ETA: - Rate: - Time: 0.26s Extracted: -  1761 inferred facts across 571 concepts, 219 files updated

[12:49:43] Change detected, re-running reasoning...
🔄 Semantica is reasoning: Starting semi-naive fixpoint evaluation 🤔 reasoning DatalogReasoner |░░░░░░░░░░░░░░░| 0.0% ETA: - Rate: - Time: 0.00s Extracted: -✅ Semantica is reasoning: Fixpoint reached in 6 iterations. 2061 new facts derived. 🤔 reasoning DatalogReasoner |███████████████| 100.0% ETA: - Rate: - Time: 0.25s Extracted: -  1761 inferred facts across 571 concepts, 219 files updated

[12:49:50] Change detected, re-running reasoning...
🔄 Semantica is reasoning: Starting semi-naive fixpoint evaluation 🤔 reasoning DatalogReasoner |░░░░░░░░░░░░░░░| 0.0% ETA: - Rate: - Time: 0.00s Extracted: -✅ Semantica is reasoning: Fixpoint reached in 6 iterations. 2061 new facts derived. 🤔 reasoning DatalogReasoner |███████████████| 100.0% ETA: - Rate: - Time: 0.26s Extracted: -  1761 inferred facts across 571 concepts, 219 files updated

[12:49:56] Change detected, re-running reasoning...
🔄 Semantica is reasoning: Starting semi-naive fixpoint evaluation 🤔 reasoning DatalogReasoner |░░░░░░░░░░░░░░░| 0.0% ETA: - Rate: - Time: 0.00s Extracted: -✅ Semantica is reasoning: Fixpoint reached in 6 iterations. 2061 new facts derived. 🤔 reasoning DatalogReasoner |███████████████| 100.0% ETA: - Rate: - Time: 0.27s Extracted: -  1761 inferred facts across 571 concepts, 219 files updated

[12:50:02] Change detected, re-running reasoning...
🔄 Semantica is reasoning: Starting semi-naive fixpoint evaluation 🤔 reasoning DatalogReasoner |░░░░░░░░░░░░░░░| 0.0% ETA: - Rate: - Time: 0.00s Extracted: -✅ Semantica is reasoning: Fixpoint reached in 6 iterations. 2061 new facts derived. 🤔 reasoning DatalogReasoner |███████████████| 100.0% ETA: - Rate: - Time: 0.25s Extracted: -  1761 inferred facts across 571 concepts, 219 files updated

[12:50:11] Change detected, re-running reasoning...
🔄 Semantica is reasoning: Starting semi-naive fixpoint evaluation 🤔 reasoning DatalogReasoner |░░░░░░░░░░░░░░░| 0.0% ETA: - Rate: - Time: 0.00s Extracted: -✅ Semantica is reasoning: Fixpoint reached in 6 iterations. 2061 new facts derived. 🤔 reasoning DatalogReasoner |███████████████| 100.0% ETA: - Rate: - Time: 0.26s Extracted: -  1761 inferred facts across 571 concepts, 219 files updated

[12:50:20] Change detected, re-running reasoning...
🔄 Semantica is reasoning: Starting semi-naive fixpoint evaluation 🤔 reasoning DatalogReasoner |░░░░░░░░░░░░░░░| 0.0% ETA: - Rate: - Time: 0.00s Extracted: -✅ Semantica is reasoning: Fixpoint reached in 6 iterations. 2061 new facts derived. 🤔 reasoning DatalogReasoner |███████████████| 100.0% ETA: - Rate: - Time: 0.26s Extracted: -  1761 inferred facts across 571 concepts, 219 files updated

[12:50:27] Change detected, re-running reasoning...
🔄 Semantica is reasoning: Starting semi-naive fixpoint evaluation 🤔 reasoning DatalogReasoner |░░░░░░░░░░░░░░░| 0.0% ETA: - Rate: - Time: 0.00s Extracted: -✅ Semantica is reasoning: Fixpoint reached in 6 iterations. 2061 new facts derived. 🤔 reasoning DatalogReasoner |███████████████| 100.0% ETA: - Rate: - Time: 0.25s Extracted: -  1761 inferred facts across 571 concepts, 219 files updated

[12:50:34] Change detected, re-running reasoning...
🔄 Semantica is reasoning: Starting semi-naive fixpoint evaluation 🤔 reasoning DatalogReasoner |░░░░░░░░░░░░░░░| 0.0% ETA: - Rate: - Time: 0.00s Extracted: -✅ Semantica is reasoning: Fixpoint reached in 6 iterations. 2061 new facts derived. 🤔 reasoning DatalogReasoner |███████████████| 100.0% ETA: - Rate: - Time: 0.25s Extracted: -  1761 inferred facts across 571 concepts, 219 files updated

[12:50:40] Change detected, re-running reasoning...
🔄 Semantica is reasoning: Starting semi-naive fixpoint evaluation 🤔 reasoning DatalogReasoner |░░░░░░░░░░░░░░░| 0.0% ETA: - Rate: - Time: 0.00s Extracted: -✅ Semantica is reasoning: Fixpoint reached in 6 iterations. 2061 new facts derived. 🤔 reasoning DatalogReasoner |███████████████| 100.0% ETA: - Rate: - Time: 0.26s Extracted: -  1761 inferred facts across 571 concepts, 219 files updated

[12:50:51] Change detected, re-running reasoning...
🔄 Semantica is reasoning: Starting semi-naive fixpoint evaluation 🤔 reasoning DatalogReasoner |░░░░░░░░░░░░░░░| 0.0% ETA: - Rate: - Time: 0.00s Extracted: -✅ Semantica is reasoning: Fixpoint reached in 6 iterations. 2061 new facts derived. 🤔 reasoning DatalogReasoner |███████████████| 100.0% ETA: - Rate: - Time: 0.26s Extracted: -  1761 inferred facts across 571 concepts, 219 files updated

[12:50:57] Change detected, re-running reasoning...
🔄 Semantica is reasoning: Starting semi-naive fixpoint evaluation 🤔 reasoning DatalogReasoner |░░░░░░░░░░░░░░░| 0.0% ETA: - Rate: - Time: 0.00s Extracted: -✅ Semantica is reasoning: Fixpoint reached in 6 iterations. 2061 new facts derived. 🤔 reasoning DatalogReasoner |███████████████| 100.0% ETA: - Rate: - Time: 0.31s Extracted: -  1761 inferred facts across 571 concepts, 219 files updated

[12:51:05] Change detected, re-running reasoning...
🔄 Semantica is reasoning: Starting semi-naive fixpoint evaluation 🤔 reasoning DatalogReasoner |░░░░░░░░░░░░░░░| 0.0% ETA: - Rate: - Time: 0.00s Extracted: -✅ Semantica is reasoning: Fixpoint reached in 6 iterations. 2061 new facts derived. 🤔 reasoning DatalogReasoner |███████████████| 100.0% ETA: - Rate: - Time: 0.26s Extracted: -  1761 inferred facts across 571 concepts, 219 files updated

[12:51:12] Change detected, re-running reasoning...
🔄 Semantica is reasoning: Starting semi-naive fixpoint evaluation 🤔 reasoning DatalogReasoner |░░░░░░░░░░░░░░░| 0.0% ETA: - Rate: - Time: 0.00s Extracted: -✅ Semantica is reasoning: Fixpoint reached in 6 iterations. 1917 new facts derived. 🤔 reasoning DatalogReasoner |███████████████| 100.0% ETA: - Rate: - Time: 0.24s Extracted: -  1623 inferred facts across 533 concepts, 234 files updated

[12:51:18] Change detected, re-running reasoning...
🔄 Semantica is reasoning: Starting semi-naive fixpoint evaluation 🤔 reasoning DatalogReasoner |░░░░░░░░░░░░░░░| 0.0% ETA: - Rate: - Time: 0.00s Extracted: -✅ Semantica is reasoning: Fixpoint reached in 6 iterations. 1917 new facts derived. 🤔 reasoning DatalogReasoner |███████████████| 100.0% ETA: - Rate: - Time: 0.22s Extracted: -  1623 inferred facts across 533 concepts, 218 files updated

[12:51:25] Change detected, re-running reasoning...
🔄 Semantica is reasoning: Starting semi-naive fixpoint evaluation 🤔 reasoning DatalogReasoner |░░░░░░░░░░░░░░░| 0.0% ETA: - Rate: - Time: 0.00s Extracted: -✅ Semantica is reasoning: Fixpoint reached in 6 iterations. 1917 new facts derived. 🤔 reasoning DatalogReasoner |███████████████| 100.0% ETA: - Rate: - Time: 0.23s Extracted: -  1623 inferred facts across 533 concepts, 218 files updated

[12:51:31] Change detected, re-running reasoning...
🔄 Semantica is reasoning: Starting semi-naive fixpoint evaluation 🤔 reasoning DatalogReasoner |░░░░░░░░░░░░░░░| 0.0% ETA: - Rate: - Time: 0.00s Extracted: -✅ Semantica is reasoning: Fixpoint reached in 6 iterations. 1917 new facts derived. 🤔 reasoning DatalogReasoner |███████████████| 100.0% ETA: - Rate: - Time: 0.23s Extracted: -  1623 inferred facts across 533 concepts, 218 files updated

[12:51:40] Change detected, re-running reasoning...
🔄 Semantica is reasoning: Starting semi-naive fixpoint evaluation 🤔 reasoning DatalogReasoner |░░░░░░░░░░░░░░░| 0.0% ETA: - Rate: - Time: 0.00s Extracted: -✅ Semantica is reasoning: Fixpoint reached in 6 iterations. 1917 new facts derived. 🤔 reasoning DatalogReasoner |███████████████| 100.0% ETA: - Rate: - Time: 0.22s Extracted: -  1623 inferred facts across 533 concepts, 218 files updated

[12:51:47] Change detected, re-running reasoning...
🔄 Semantica is reasoning: Starting semi-naive fixpoint evaluation 🤔 reasoning DatalogReasoner |░░░░░░░░░░░░░░░| 0.0% ETA: - Rate: - Time: 0.00s Extracted: -✅ Semantica is reasoning: Fixpoint reached in 6 iterations. 1917 new facts derived. 🤔 reasoning DatalogReasoner |███████████████| 100.0% ETA: - Rate: - Time: 0.23s Extracted: -  1623 inferred facts across 533 concepts, 218 files updated

[12:51:55] Change detected, re-running reasoning...
🔄 Semantica is reasoning: Starting semi-naive fixpoint evaluation 🤔 reasoning DatalogReasoner |░░░░░░░░░░░░░░░| 0.0% ETA: - Rate: - Time: 0.00s Extracted: -✅ Semantica is reasoning: Fixpoint reached in 6 iterations. 1917 new facts derived. 🤔 reasoning DatalogReasoner |███████████████| 100.0% ETA: - Rate: - Time: 0.23s Extracted: -  1623 inferred facts across 533 concepts, 218 files updated

[12:52:01] Change detected, re-running reasoning...
🔄 Semantica is reasoning: Starting semi-naive fixpoint evaluation 🤔 reasoning DatalogReasoner |░░░░░░░░░░░░░░░| 0.0% ETA: - Rate: - Time: 0.00s Extracted: -✅ Semantica is reasoning: Fixpoint reached in 6 iterations. 1917 new facts derived. 🤔 reasoning DatalogReasoner |███████████████| 100.0% ETA: - Rate: - Time: 0.23s Extracted: -  1623 inferred facts across 533 concepts, 218 files updated

[12:52:08] Change detected, re-running reasoning...
🔄 Semantica is reasoning: Starting semi-naive fixpoint evaluation 🤔 reasoning DatalogReasoner |░░░░░░░░░░░░░░░| 0.0% ETA: - Rate: - Time: 0.00s Extracted: -✅ Semantica is reasoning: Fixpoint reached in 6 iterations. 1917 new facts derived. 🤔 reasoning DatalogReasoner |███████████████| 100.0% ETA: - Rate: - Time: 0.22s Extracted: -  1623 inferred facts across 533 concepts, 218 files updated

[12:52:20] Change detected, re-running reasoning...
🔄 Semantica is reasoning: Starting semi-naive fixpoint evaluation 🤔 reasoning DatalogReasoner |░░░░░░░░░░░░░░░| 0.0% ETA: - Rate: - Time: 0.00s Extracted: -✅ Semantica is reasoning: Fixpoint reached in 6 iterations. 1917 new facts derived. 🤔 reasoning DatalogReasoner |███████████████| 100.0% ETA: - Rate: - Time: 0.24s Extracted: -  1623 inferred facts across 533 concepts, 218 files updated

[12:52:27] Change detected, re-running reasoning...
🔄 Semantica is reasoning: Starting semi-naive fixpoint evaluation 🤔 reasoning DatalogReasoner |░░░░░░░░░░░░░░░| 0.0% ETA: - Rate: - Time: 0.00s Extracted: -✅ Semantica is reasoning: Fixpoint reached in 6 iterations. 1917 new facts derived. 🤔 reasoning DatalogReasoner |███████████████| 100.0% ETA: - Rate: - Time: 0.23s Extracted: -  1623 inferred facts across 533 concepts, 218 files updated

[12:52:34] Change detected, re-running reasoning...
🔄 Semantica is reasoning: Starting semi-naive fixpoint evaluation 🤔 reasoning DatalogReasoner |░░░░░░░░░░░░░░░| 0.0% ETA: - Rate: - Time: 0.00s Extracted: -✅ Semantica is reasoning: Fixpoint reached in 6 iterations. 1892 new facts derived. 🤔 reasoning DatalogReasoner |███████████████| 100.0% ETA: - Rate: - Time: 0.22s Extracted: -  1602 inferred facts across 522 concepts, 214 files updated

[12:52:41] Change detected, re-running reasoning...
🔄 Semantica is reasoning: Starting semi-naive fixpoint evaluation 🤔 reasoning DatalogReasoner |░░░░░░░░░░░░░░░| 0.0% ETA: - Rate: - Time: 0.00s Extracted: -✅ Semantica is reasoning: Fixpoint reached in 6 iterations. 1892 new facts derived. 🤔 reasoning DatalogReasoner |███████████████| 100.0% ETA: - Rate: - Time: 0.23s Extracted: -  1602 inferred facts across 522 concepts, 208 files updated

[12:52:49] Change detected, re-running reasoning...
🔄 Semantica is reasoning: Starting semi-naive fixpoint evaluation 🤔 reasoning DatalogReasoner |░░░░░░░░░░░░░░░| 0.0% ETA: - Rate: - Time: 0.00s Extracted: -✅ Semantica is reasoning: Fixpoint reached in 6 iterations. 1892 new facts derived. 🤔 reasoning DatalogReasoner |███████████████| 100.0% ETA: - Rate: - Time: 0.23s Extracted: -  1602 inferred facts across 522 concepts, 208 files updated

[12:52:55] Change detected, re-running reasoning...
🔄 Semantica is reasoning: Starting semi-naive fixpoint evaluation 🤔 reasoning DatalogReasoner |░░░░░░░░░░░░░░░| 0.0% ETA: - Rate: - Time: 0.00s Extracted: -✅ Semantica is reasoning: Fixpoint reached in 6 iterations. 1892 new facts derived. 🤔 reasoning DatalogReasoner |███████████████| 100.0% ETA: - Rate: - Time: 0.22s Extracted: -  1602 inferred facts across 522 concepts, 208 files updated

[12:53:02] Change detected, re-running reasoning...
🔄 Semantica is reasoning: Starting semi-naive fixpoint evaluation 🤔 reasoning DatalogReasoner |░░░░░░░░░░░░░░░| 0.0% ETA: - Rate: - Time: 0.00s Extracted: -✅ Semantica is reasoning: Fixpoint reached in 6 iterations. 1892 new facts derived. 🤔 reasoning DatalogReasoner |███████████████| 100.0% ETA: - Rate: - Time: 0.22s Extracted: -  1602 inferred facts across 522 concepts, 208 files updated

[12:53:09] Change detected, re-running reasoning...
🔄 Semantica is reasoning: Starting semi-naive fixpoint evaluation 🤔 reasoning DatalogReasoner |░░░░░░░░░░░░░░░| 0.0% ETA: - Rate: - Time: 0.00s Extracted: -✅ Semantica is reasoning: Fixpoint reached in 6 iterations. 1892 new facts derived. 🤔 reasoning DatalogReasoner |███████████████| 100.0% ETA: - Rate: - Time: 0.23s Extracted: -  1602 inferred facts across 522 concepts, 208 files updated

[12:53:16] Change detected, re-running reasoning...
🔄 Semantica is reasoning: Starting semi-naive fixpoint evaluation 🤔 reasoning DatalogReasoner |░░░░░░░░░░░░░░░| 0.0% ETA: - Rate: - Time: 0.00s Extracted: -✅ Semantica is reasoning: Fixpoint reached in 6 iterations. 1892 new facts derived. 🤔 reasoning DatalogReasoner |███████████████| 100.0% ETA: - Rate: - Time: 0.22s Extracted: -  1602 inferred facts across 522 concepts, 208 files updated

[12:53:32] Change detected, re-running reasoning...
🔄 Semantica is reasoning: Starting semi-naive fixpoint evaluation 🤔 reasoning DatalogReasoner |░░░░░░░░░░░░░░░| 0.0% ETA: - Rate: - Time: 0.00s Extracted: -✅ Semantica is reasoning: Fixpoint reached in 6 iterations. 1892 new facts derived. 🤔 reasoning DatalogReasoner |███████████████| 100.0% ETA: - Rate: - Time: 0.23s Extracted: -  1602 inferred facts across 522 concepts, 208 files updated

[12:53:38] Change detected, re-running reasoning...
🔄 Semantica is reasoning: Starting semi-naive fixpoint evaluation 🤔 reasoning DatalogReasoner |░░░░░░░░░░░░░░░| 0.0% ETA: - Rate: - Time: 0.00s Extracted: -✅ Semantica is reasoning: Fixpoint reached in 6 iterations. 1892 new facts derived. 🤔 reasoning DatalogReasoner |███████████████| 100.0% ETA: - Rate: - Time: 0.22s Extracted: -  1602 inferred facts across 522 concepts, 208 files updated

[12:53:45] Change detected, re-running reasoning...
🔄 Semantica is reasoning: Starting semi-naive fixpoint evaluation 🤔 reasoning DatalogReasoner |░░░░░░░░░░░░░░░| 0.0% ETA: - Rate: - Time: 0.00s Extracted: -✅ Semantica is reasoning: Fixpoint reached in 6 iterations. 1892 new facts derived. 🤔 reasoning DatalogReasoner |███████████████| 100.0% ETA: - Rate: - Time: 0.22s Extracted: -  1602 inferred facts across 522 concepts, 208 files updated

[12:53:52] Change detected, re-running reasoning...
🔄 Semantica is reasoning: Starting semi-naive fixpoint evaluation 🤔 reasoning DatalogReasoner |░░░░░░░░░░░░░░░| 0.0% ETA: - Rate: - Time: 0.00s Extracted: -✅ Semantica is reasoning: Fixpoint reached in 6 iterations. 1892 new facts derived. 🤔 reasoning DatalogReasoner |███████████████| 100.0% ETA: - Rate: - Time: 0.23s Extracted: -  1602 inferred facts across 522 concepts, 208 files updated

[12:53:59] Change detected, re-running reasoning...
🔄 Semantica is reasoning: Starting semi-naive fixpoint evaluation 🤔 reasoning DatalogReasoner |░░░░░░░░░░░░░░░| 0.0% ETA: - Rate: - Time: 0.00s Extracted: -✅ Semantica is reasoning: Fixpoint reached in 6 iterations. 1892 new facts derived. 🤔 reasoning DatalogReasoner |███████████████| 100.0% ETA: - Rate: - Time: 0.24s Extracted: -  1602 inferred facts across 522 concepts, 208 files updated

[12:54:07] Change detected, re-running reasoning...
🔄 Semantica is reasoning: Starting semi-naive fixpoint evaluation 🤔 reasoning DatalogReasoner |░░░░░░░░░░░░░░░| 0.0% ETA: - Rate: - Time: 0.00s Extracted: -✅ Semantica is reasoning: Fixpoint reached in 6 iterations. 1892 new facts derived. 🤔 reasoning DatalogReasoner |███████████████| 100.0% ETA: - Rate: - Time: 0.22s Extracted: -  1602 inferred facts across 522 concepts, 208 files updated

[12:54:13] Change detected, re-running reasoning...
🔄 Semantica is reasoning: Starting semi-naive fixpoint evaluation 🤔 reasoning DatalogReasoner |░░░░░░░░░░░░░░░| 0.0% ETA: - Rate: - Time: 0.00s Extracted: -✅ Semantica is reasoning: Fixpoint reached in 6 iterations. 1805 new facts derived. 🤔 reasoning DatalogReasoner |███████████████| 100.0% ETA: - Rate: - Time: 0.20s Extracted: -  1530 inferred facts across 506 concepts, 234 files updated

[12:54:20] Change detected, re-running reasoning...
🔄 Semantica is reasoning: Starting semi-naive fixpoint evaluation 🤔 reasoning DatalogReasoner |░░░░░░░░░░░░░░░| 0.0% ETA: - Rate: - Time: 0.00s Extracted: -✅ Semantica is reasoning: Fixpoint reached in 6 iterations. 1798 new facts derived. 🤔 reasoning DatalogReasoner |███████████████| 100.0% ETA: - Rate: - Time: 0.20s Extracted: -  1524 inferred facts across 503 concepts, 202 files updated

[12:54:26] Change detected, re-running reasoning...
🔄 Semantica is reasoning: Starting semi-naive fixpoint evaluation 🤔 reasoning DatalogReasoner |░░░░░░░░░░░░░░░| 0.0% ETA: - Rate: - Time: 0.00s Extracted: -✅ Semantica is reasoning: Fixpoint reached in 6 iterations. 1798 new facts derived. 🤔 reasoning DatalogReasoner |███████████████| 100.0% ETA: - Rate: - Time: 0.20s Extracted: -  1524 inferred facts across 503 concepts, 199 files updated

[12:54:32] Change detected, re-running reasoning...
🔄 Semantica is reasoning: Starting semi-naive fixpoint evaluation 🤔 reasoning DatalogReasoner |░░░░░░░░░░░░░░░| 0.0% ETA: - Rate: - Time: 0.00s Extracted: -✅ Semantica is reasoning: Fixpoint reached in 6 iterations. 1798 new facts derived. 🤔 reasoning DatalogReasoner |███████████████| 100.0% ETA: - Rate: - Time: 0.20s Extracted: -  1524 inferred facts across 503 concepts, 199 files updated

[12:54:39] Change detected, re-running reasoning...
🔄 Semantica is reasoning: Starting semi-naive fixpoint evaluation 🤔 reasoning DatalogReasoner |░░░░░░░░░░░░░░░| 0.0% ETA: - Rate: - Time: 0.00s Extracted: -✅ Semantica is reasoning: Fixpoint reached in 6 iterations. 1798 new facts derived. 🤔 reasoning DatalogReasoner |███████████████| 100.0% ETA: - Rate: - Time: 0.20s Extracted: -  1524 inferred facts across 503 concepts, 199 files updated

[12:54:47] Change detected, re-running reasoning...
🔄 Semantica is reasoning: Starting semi-naive fixpoint evaluation 🤔 reasoning DatalogReasoner |░░░░░░░░░░░░░░░| 0.0% ETA: - Rate: - Time: 0.00s Extracted: -✅ Semantica is reasoning: Fixpoint reached in 6 iterations. 1722 new facts derived. 🤔 reasoning DatalogReasoner |███████████████| 100.0% ETA: - Rate: - Time: 0.19s Extracted: -  1480 inferred facts across 492 concepts, 196 files updated

[12:54:59] Change detected, re-running reasoning...
🔄 Semantica is reasoning: Starting semi-naive fixpoint evaluation 🤔 reasoning DatalogReasoner |░░░░░░░░░░░░░░░| 0.0% ETA: - Rate: - Time: 0.00s Extracted: -✅ Semantica is reasoning: Fixpoint reached in 6 iterations. 1722 new facts derived. 🤔 reasoning DatalogReasoner |███████████████| 100.0% ETA: - Rate: - Time: 0.19s Extracted: -  1480 inferred facts across 492 concepts, 196 files updated

[12:55:05] Change detected, re-running reasoning...
🔄 Semantica is reasoning: Starting semi-naive fixpoint evaluation 🤔 reasoning DatalogReasoner |░░░░░░░░░░░░░░░| 0.0% ETA: - Rate: - Time: 0.00s Extracted: -✅ Semantica is reasoning: Fixpoint reached in 6 iterations. 1708 new facts derived. 🤔 reasoning DatalogReasoner |███████████████| 100.0% ETA: - Rate: - Time: 0.18s Extracted: -  1471 inferred facts across 486 concepts, 193 files updated

[12:55:12] Change detected, re-running reasoning...
🔄 Semantica is reasoning: Starting semi-naive fixpoint evaluation 🤔 reasoning DatalogReasoner |░░░░░░░░░░░░░░░| 0.0% ETA: - Rate: - Time: 0.00s Extracted: -✅ Semantica is reasoning: Fixpoint reached in 6 iterations. 1708 new facts derived. 🤔 reasoning DatalogReasoner |███████████████| 100.0% ETA: - Rate: - Time: 0.18s Extracted: -  1471 inferred facts across 486 concepts, 191 files updated

[12:55:18] Change detected, re-running reasoning...
🔄 Semantica is reasoning: Starting semi-naive fixpoint evaluation 🤔 reasoning DatalogReasoner |░░░░░░░░░░░░░░░| 0.0% ETA: - Rate: - Time: 0.00s Extracted: -✅ Semantica is reasoning: Fixpoint reached in 6 iterations. 1708 new facts derived. 🤔 reasoning DatalogReasoner |███████████████| 100.0% ETA: - Rate: - Time: 0.18s Extracted: -  1471 inferred facts across 486 concepts, 191 files updated

[12:55:26] Change detected, re-running reasoning...
🔄 Semantica is reasoning: Starting semi-naive fixpoint evaluation 🤔 reasoning DatalogReasoner |░░░░░░░░░░░░░░░| 0.0% ETA: - Rate: - Time: 0.00s Extracted: -✅ Semantica is reasoning: Fixpoint reached in 6 iterations. 1708 new facts derived. 🤔 reasoning DatalogReasoner |███████████████| 100.0% ETA: - Rate: - Time: 0.18s Extracted: -  1471 inferred facts across 486 concepts, 191 files updated

[12:55:33] Change detected, re-running reasoning...
🔄 Semantica is reasoning: Starting semi-naive fixpoint evaluation 🤔 reasoning DatalogReasoner |░░░░░░░░░░░░░░░| 0.0% ETA: - Rate: - Time: 0.00s Extracted: -✅ Semantica is reasoning: Fixpoint reached in 6 iterations. 1708 new facts derived. 🤔 reasoning DatalogReasoner |███████████████| 100.0% ETA: - Rate: - Time: 0.18s Extracted: -  1471 inferred facts across 486 concepts, 191 files updated

[12:55:39] Change detected, re-running reasoning...
🔄 Semantica is reasoning: Starting semi-naive fixpoint evaluation 🤔 reasoning DatalogReasoner |░░░░░░░░░░░░░░░| 0.0% ETA: - Rate: - Time: 0.00s Extracted: -✅ Semantica is reasoning: Fixpoint reached in 6 iterations. 1708 new facts derived. 🤔 reasoning DatalogReasoner |███████████████| 100.0% ETA: - Rate: - Time: 0.18s Extracted: -  1471 inferred facts across 486 concepts, 191 files updated

[12:55:45] Change detected, re-running reasoning...
🔄 Semantica is reasoning: Starting semi-naive fixpoint evaluation 🤔 reasoning DatalogReasoner |░░░░░░░░░░░░░░░| 0.0% ETA: - Rate: - Time: 0.00s Extracted: -✅ Semantica is reasoning: Fixpoint reached in 6 iterations. 1708 new facts derived. 🤔 reasoning DatalogReasoner |███████████████| 100.0% ETA: - Rate: - Time: 0.18s Extracted: -  1471 inferred facts across 486 concepts, 191 files updated

[12:55:53] Change detected, re-running reasoning...
🔄 Semantica is reasoning: Starting semi-naive fixpoint evaluation 🤔 reasoning DatalogReasoner |░░░░░░░░░░░░░░░| 0.0% ETA: - Rate: - Time: 0.00s Extracted: -✅ Semantica is reasoning: Fixpoint reached in 6 iterations. 1708 new facts derived. 🤔 reasoning DatalogReasoner |███████████████| 100.0% ETA: - Rate: - Time: 0.18s Extracted: -  1471 inferred facts across 486 concepts, 191 files updated

[12:55:59] Change detected, re-running reasoning...
🔄 Semantica is reasoning: Starting semi-naive fixpoint evaluation 🤔 reasoning DatalogReasoner |░░░░░░░░░░░░░░░| 0.0% ETA: - Rate: - Time: 0.00s Extracted: -✅ Semantica is reasoning: Fixpoint reached in 6 iterations. 1708 new facts derived. 🤔 reasoning DatalogReasoner |███████████████| 100.0% ETA: - Rate: - Time: 0.18s Extracted: -  1471 inferred facts across 486 concepts, 191 files updated

[12:56:07] Change detected, re-running reasoning...
🔄 Semantica is reasoning: Starting semi-naive fixpoint evaluation 🤔 reasoning DatalogReasoner |░░░░░░░░░░░░░░░| 0.0% ETA: - Rate: - Time: 0.00s Extracted: -✅ Semantica is reasoning: Fixpoint reached in 6 iterations. 1708 new facts derived. 🤔 reasoning DatalogReasoner |███████████████| 100.0% ETA: - Rate: - Time: 0.18s Extracted: -  1471 inferred facts across 486 concepts, 191 files updated

[12:56:13] Change detected, re-running reasoning...
🔄 Semantica is reasoning: Starting semi-naive fixpoint evaluation 🤔 reasoning DatalogReasoner |░░░░░░░░░░░░░░░| 0.0% ETA: - Rate: - Time: 0.00s Extracted: -✅ Semantica is reasoning: Fixpoint reached in 6 iterations. 1708 new facts derived. 🤔 reasoning DatalogReasoner |███████████████| 100.0% ETA: - Rate: - Time: 0.18s Extracted: -  1471 inferred facts across 486 concepts, 191 files updated

[12:56:20] Change detected, re-running reasoning...
🔄 Semantica is reasoning: Starting semi-naive fixpoint evaluation 🤔 reasoning DatalogReasoner |░░░░░░░░░░░░░░░| 0.0% ETA: - Rate: - Time: 0.00s Extracted: -✅ Semantica is reasoning: Fixpoint reached in 6 iterations. 1708 new facts derived. 🤔 reasoning DatalogReasoner |███████████████| 100.0% ETA: - Rate: - Time: 0.19s Extracted: -  1471 inferred facts across 486 concepts, 191 files updated

[12:56:27] Change detected, re-running reasoning...
🔄 Semantica is reasoning: Starting semi-naive fixpoint evaluation 🤔 reasoning DatalogReasoner |░░░░░░░░░░░░░░░| 0.0% ETA: - Rate: - Time: 0.00s Extracted: -✅ Semantica is reasoning: Fixpoint reached in 6 iterations. 1708 new facts derived. 🤔 reasoning DatalogReasoner |███████████████| 100.0% ETA: - Rate: - Time: 0.19s Extracted: -  1471 inferred facts across 486 concepts, 191 files updated

[12:56:35] Change detected, re-running reasoning...
🔄 Semantica is reasoning: Starting semi-naive fixpoint evaluation 🤔 reasoning DatalogReasoner |░░░░░░░░░░░░░░░| 0.0% ETA: - Rate: - Time: 0.00s Extracted: -✅ Semantica is reasoning: Fixpoint reached in 6 iterations. 1708 new facts derived. 🤔 reasoning DatalogReasoner |███████████████| 100.0% ETA: - Rate: - Time: 0.18s Extracted: -  1471 inferred facts across 486 concepts, 191 files updated

[12:56:41] Change detected, re-running reasoning...
🔄 Semantica is reasoning: Starting semi-naive fixpoint evaluation 🤔 reasoning DatalogReasoner |░░░░░░░░░░░░░░░| 0.0% ETA: - Rate: - Time: 0.00s Extracted: -✅ Semantica is reasoning: Fixpoint reached in 6 iterations. 1708 new facts derived. 🤔 reasoning DatalogReasoner |███████████████| 100.0% ETA: - Rate: - Time: 0.18s Extracted: -  1471 inferred facts across 486 concepts, 191 files updated

[12:56:48] Change detected, re-running reasoning...
🔄 Semantica is reasoning: Starting semi-naive fixpoint evaluation 🤔 reasoning DatalogReasoner |░░░░░░░░░░░░░░░| 0.0% ETA: - Rate: - Time: 0.00s Extracted: -✅ Semantica is reasoning: Fixpoint reached in 6 iterations. 1708 new facts derived. 🤔 reasoning DatalogReasoner |███████████████| 100.0% ETA: - Rate: - Time: 0.18s Extracted: -  1471 inferred facts across 486 concepts, 191 files updated

[12:56:54] Change detected, re-running reasoning...
🔄 Semantica is reasoning: Starting semi-naive fixpoint evaluation 🤔 reasoning DatalogReasoner |░░░░░░░░░░░░░░░| 0.0% ETA: - Rate: - Time: 0.00s Extracted: -✅ Semantica is reasoning: Fixpoint reached in 6 iterations. 1708 new facts derived. 🤔 reasoning DatalogReasoner |███████████████| 100.0% ETA: - Rate: - Time: 0.18s Extracted: -